Unnamed: 0,Unnamed: 1,Unnamed: 2,Unnamed: 3,Unnamed: 4,Unnamed: 5,Unnamed: 6,Unnamed: 7,Unnamed: 8,Unnamed: 9,Unnamed: 10,Unnamed: 11,Unnamed: 12,Unnamed: 13,Unnamed: 14,Unnamed: 15,Unnamed: 16,Unnamed: 17,Unnamed: 18,Unnamed: 19,Unnamed: 20,Unnamed: 21,Unnamed: 22,Unnamed: 23,Unnamed: 24,Unnamed: 25,Unnamed: 26,Unnamed: 27,Unnamed: 28,Unnamed: 29,Unnamed: 30,Unnamed: 31,Unnamed: 32,Unnamed: 33,Unnamed: 34,Unnamed: 35,Unnamed: 36
Route Id,Route,Date Range,Time Set,Full Traversal,Probe Source,Covered Route Length [meters],Sample size [avg per segment],Average Travel Time [hh:mm:ss],Median Travel Time [hh:mm:ss],Harmonic Average Speed [kph],15th percentile Speed [kph],85th percentile Speed [kph],Average Travel Time ratios,Planning Time Index,5th percentile travel time [hh:mm:ss],10th percentile travel time [hh:mm:ss],15th percentile travel time [hh:mm:ss],20th percentile travel time [hh:mm:ss],25th percentile travel time [hh:mm:ss],30th percentile travel time [hh:mm:ss],35th percentile travel time [hh:mm:ss],40th percentile travel time [hh:mm:ss],45th percentile travel time [hh:mm:ss],50th percentile travel time [hh:mm:ss],55th percentile travel time [hh:mm:ss],60th percentile travel time [hh:mm:ss],65th percentile travel time [hh:mm:ss],70th percentile travel time [hh:mm:ss],75th percentile travel time [hh:mm:ss],80th percentile travel time [hh:mm:ss],85th percentile travel time [hh:mm:ss],90th percentile travel time [hh:mm:ss],95th percentile travel time [hh:mm:ss],Total Route Length [meters],Map Versions,"Standard Deviation (of travel time, only full traversals) [hh:mm:ss]"
1,Moricz-Kelenfold,Monday,0:00-1:00,false,ALL,2314.2,9.77,00:05:26,00:04:54,25.59,17.88,37.84,1.0,1.97,00:03:18,00:03:33,00:03:40,00:03:46,00:03:53,00:04:00,00:04:08,00:04:19,00:04:35,00:04:54,00:05:01,00:05:23,00:05:28,00:05:59,00:06:13,00:07:13,00:07:46,00:09:10,00:10:43,2314.2,SouthEastEurope_TeleAtlasMNR_eur2021.12.000-22.192-0 DSEG_NOSPLIT,
1,Moricz-Kelenfold,Monday,1:00-2:00,false,ALL,2265.57,5.52,00:05:05,00:04:12,26.76,16.43,40.13,0.94,1.88,00:03:14,00:03:14,00:03:23,00:03:26,00:03:33,00:03:38,00:03:41,00:03:51,00:03:56,00:04:12,00:04:12,00:04:44,00:04:47,00:04:59,00:06:07,00:06:58,00:08:16,00:10:11,00:10:11,2314.2,SouthEastEurope_TeleAtlasMNR_eur2021.12.000-22.192-0 DSEG_NOSPLIT,
1,Moricz-Kelenfold,Monday,2:00-3:00,false,ALL,1797.23,6.12,00:05:10,00:04:06,20.9,10.89,47.21,0.95,2.08,00:02:07,00:02:08,00:02:17,00:02:33,00:03:00,00:03:08,00:03:16,00:03:24,00:03:42,00:04:06,00:04:09,00:04:50,00:04:55,00:06:29,00:07:22,00:07:53,00:09:54,00:10:54,00:11:17,2314.2,SouthEastEurope_TeleAtlasMNR_eur2021.12.000-22.192-0 DSEG_NOSPLIT,
1,Moricz-Kelenfold,Monday,3:00-4:00,false,ALL,2314.2,8.58,00:05:32,00:04:31,25.1,16.68,37.64,1.02,2.27,00:03:24,00:03:40,00:03:41,00:03:51,00:03:53,00:03:59,00:04:02,00:04:12,00:04:14,00:04:31,00:04:39,00:04:51,00:05:18,00:05:44,00:06:17,00:07:14,00:08:20,00:09:44,00:12:18,2314.2,SouthEastEurope_TeleAtlasMNR_eur2021.12.000-22.192-0 DSEG_NOSPLIT,
1,Moricz-Kelenfold,Monday,4:00-5:00,false,ALL,1797.23,5.62,00:04:32,00:04:23,23.77,16.31,39.23,0.84,1.48,00:02:15,00:02:15,00:02:45,00:02:53,00:03:10,00:03:13,00:03:23,00:03:39,00:03:51,00:04:23,00:04:23,00:04:44,00:04:56,00:05:13,00:06:13,00:06:23,00:06:37,00:08:01,00:08:01,2314.2,SouthEastEurope_TeleAtlasMNR_eur2021.12.000-22.192-0 DSEG_NOSPLIT,
1,Moricz-Kelenfold,Monday,5:00-6:00,false,ALL,1797.23,5.52,00:05:35,00:04:00,19.33,10.35,43.96,1.03,2.59,00:02:06,00:02:06,00:02:27,00:02:35,00:02:40,00:02:52,00:03:14,00:03:24,00:03:39,00:04:00,00:04:00,00:04:30,00:04:45,00:05:44,00:08:19,00:08:23,00:10:25,00:14:04,00:14:04,2314.2,SouthEastEurope_TeleAtlasMNR_eur2021.12.000-22.192-0 DSEG_NOSPLIT,
1,Moricz-Kelenfold,Monday,6:00-7:00,false,ALL,1797.23,6.77,00:05:19,00:03:58,20.26,12.43,48.88,0.98,2.66,00:01:55,00:01:58,00:02:12,00:02:14,00:02:46,00:02:48,00:02:53,00:03:15,00:03:23,00:03:58,00:03:58,00:04:22,00:05:17,00:05:38,00:07:43,00:08:41,00:08:41,00:14:26,00:14:26,2314.2,SouthEastEurope_TeleAtlasMNR_eur2021.12.000-22.192-0 DSEG_NOSPLIT,
1,Moricz-Kelenfold,Monday,7:00-8:00,false,ALL,2314.2,11.96,00:06:43,00:04:44,20.68,11.48,45.51,1.24,3.29,00:02:44,00:02:57,00:03:03,00:03:12,00:03:18,00:03:24,00:03:39,00:03:59,00:04:10,00:04:44,00:04:59,00:05:37,00:06:00,00:08:41,00:09:20,00:11:27,00:12:06,00:13:54,00:17:52,2314.2,SouthEastEurope_TeleAtlasMNR_eur2021.12.000-22.192-0 DSEG_NOSPLIT,
1,Moricz-Kelenfold,Monday,8:00-9:00,false,ALL,2314.2,7.87,00:06:21,00:05:30,21.89,15.52,37.98,1.17,2.62,00:03:21,00:03:25,00:03:39,00:03:43,00:03:54,00:04:02,00:04:07,00:04:23,00:04:38,00:05:30,00:05:34,00:05:58,00:06:16,00:06:51,00:08:05,00:08:35,00:08:57,00:13:44,00:14:14,2314.2,SouthEastEurope_TeleAtlasMNR_eur2021.12.000-22.192-0 DSEG_NOSPLIT,
1,Moricz-Kelenfold,Monday,9:00-10:00,false,ALL,2314.2,23.67,00:05:24,00:04:09,25.73,15.78,45.28,0.99,2.37,00:02:50,00:02:59,00:03:04,00:03:10,00:03:18,00:03:23,00:03:35,00:03:42,00:03:49,00:04:09,00:04:17,00:04:34,00:04:45,00:05:35,00:06:17,00:07:06,00:08:48,00:10:35,00:12:50,2314.2,SouthEastEurope_TeleAtlasMNR_eur2021.12.000-22.192-0 DSEG_NOSPLIT,
1,Moricz-Kelenfold,Monday,10:00-11:00,false,ALL,2314.2,27.54,00:05:33,00:04:15,25.02,16.44,44.83,1.02,2.65,00:02:53,00:03:02,00:03:06,00:03:10,00:03:17,00:03:23,00:03:28,00:03:36,00:03:42,00:04:15,00:04:26,00:04:37,00:04:57,00:05:26,00:06:00,00:07:07,00:08:27,00:10:58,00:14:21,2314.2,SouthEastEurope_TeleAtlasMNR_eur2021.12.000-22.192-0 DSEG_NOSPLIT,
1,Moricz-Kelenfold,Monday,11:00-12:00,false,ALL,2314.2,33.37,00:06:25,00:04:29,21.65,12.41,43.52,1.18,3.24,00:02:56,00:03:04,00:03:11,00:03:25,00:03:29,00:03:34,00:03:45,00:03:52,00:04:02,00:04:29,00:04:38,00:04:53,00:05:08,00:06:45,00:07:33,00:08:21,00:11:12,00:13:44,00:17:36,2314.2,SouthEastEurope_TeleAtlasMNR_eur2021.12.000-22.192-0 DSEG_NOSPLIT,
1,Moricz-Kelenfold,Monday,12:00-13:00,false,ALL,2314.2,40.85,00:05:19,00:03:56,26.09,17.93,46.64,0.98,2.32,00:02:42,00:02:52,00:02:59,00:03:05,00:03:11,00:03:18,00:03:24,00:03:33,00:03:43,00:03:56,00:04:08,00:04:25,00:04:45,00:05:22,00:06:00,00:06:53,00:07:45,00:09:39,00:12:36,2314.2,SouthEastEurope_TeleAtlasMNR_eur2021.12.000-22.192-0 DSEG_NOSPLIT,
1,Moricz-Kelenfold,Monday,13:00-14:00,false,ALL,2314.2,34.62,00:05:31,00:04:01,25.16,15.53,46.44,1.02,2.67,00:02:41,00:02:52,00:02:59,00:03:07,00:03:16,00:03:21,00:03:30,00:03:37,00:03:45,00:04:01,00:04:09,00:04:37,00:04:54,00:05:35,00:06:24,00:07:19,00:08:56,00:10:55,00:14:29,2314.2,SouthEastEurope_TeleAtlasMNR_eur2021.12.000-22.192-0 DSEG_NOSPLIT,
1,Moricz-Kelenfold,Monday,14:00-15:00,false,ALL,2314.2,26.73,00:06:14,00:05:30,22.27,13.81,49.13,1.15,2.74,00:02:38,00:02:44,00:02:50,00:03:01,00:03:07,00:03:13,00:03:25,00:03:37,00:03:45,00:05:30,00:05:36,00:05:49,00:06:08,00:06:38,00:07:47,00:09:01,00:10:03,00:11:53,00:14:53,2314.2,SouthEastEurope_TeleAtlasMNR_eur2021.12.000-22.192-0 DSEG_NOSPLIT,
1,Moricz-Kelenfold,Monday,15:00-16:00,false,ALL,2134.48,38.21,00:05:09,00:03:43,24.88,16.95,45.5,0.95,2.61,00:02:34,00:02:43,00:02:49,00:02:54,00:02:59,00:03:03,00:03:09,00:03:15,00:03:23,00:03:43,00:03:49,00:04:09,00:04:27,00:04:51,00:05:30,00:06:29,00:07:33,00:09:26,00:14:09,2314.2,SouthEastEurope_TeleAtlasMNR_eur2021.12.000-22.192-0 DSEG_NOSPLIT,
1,Moricz-Kelenfold,Monday,16:00-17:00,false,ALL,2314.2,36.62,00:05:44,00:04:13,24.23,16.3,45.14,1.06,2.66,00:02:46,00:02:56,00:03:05,00:03:12,00:03:19,00:03:26,00:03:30,00:03:38,00:03:47,00:04:13,00:04:22,00:04:49,00:05:10,00:05:46,00:06:19,00:07:17,00:08:31,00:11:38,00:14:27,2314.2,SouthEastEurope_TeleAtlasMNR_eur2021.12.000-22.192-0 DSEG_NOSPLIT,
1,Moricz-Kelenfold,Monday,17:00-18:00,false,ALL,2314.2,38.9,00:05:54,00:04:28,23.55,15.36,39.92,1.09,2.63,00:03:14,00:03:22,00:03:29,00:03:35,00:03:43,00:03:47,00:03:55,00:04:06,00:04:12,00:04:28,00:04:36,00:04:51,00:05:17,00:05:50,00:06:39,00:07:49,00:09:02,00:10:29,00:14:17,2314.2,SouthEastEurope_TeleAtlasMNR_eur2021.12.000-22.192-0 DSEG_NOSPLIT,
1,Moricz-Kelenfold,Monday,18:00-19:00,false,ALL,2314.2,33.23,00:05:21,00:04:02,25.98,17.39,48.02,0.99,2.43,00:02:34,00:02:46,00:02:53,00:03:00,00:03:09,00:03:14,00:03:26,00:03:36,00:03:47,00:04:02,00:04:13,00:04:24,00:04:40,00:05:05,00:05:56,00:06:37,00:07:59,00:09:32,00:13:12,2314.2,SouthEastEurope_TeleAtlasMNR_eur2021.12.000-22.192-0 DSEG_NOSPLIT,
1,Moricz-Kelenfold,Monday,19:00-20:00,false,ALL,2314.2,24.94,00:05:45,00:04:10,24.12,16.36,45.01,1.06,3.06,00:02:54,00:03:00,00:03:05,00:03:11,00:03:19,00:03:24,00:03:34,00:03:41,00:03:53,00:04:10,00:04:23,00:04:37,00:04:59,00:06:07,00:06:51,00:07:30,00:08:29,00:11:09,00:16:37,2314.2,SouthEastEurope_TeleAtlasMNR_eur2021.12.000-22.192-0 DSEG_NOSPLIT,
1,Moricz-Kelenfold,Monday,20:00-21:00,false,ALL,2269.29,24.85,00:05:56,00:04:38,22.96,15.2,46.32,1.09,2.86,00:02:42,00:02:48,00:02:56,00:03:01,00:03:09,00:03:17,00:03:28,00:03:38,00:03:45,00:04:38,00:04:48,00:05:03,00:05:24,00:05:47,00:06:39,00:08:00,00:08:57,00:11:56,00:15:31,2314.2,SouthEastEurope_TeleAtlasMNR_eur2021.12.000-22.192-0 DSEG_NOSPLIT,
1,Moricz-Kelenfold,Monday,21:00-22:00,false,ALL,1797.23,16.08,00:04:35,00:03:03,23.51,13.75,50.34,0.85,2.41,00:01:55,00:02:04,00:02:09,00:02:14,00:02:21,00:02:28,00:02:35,00:02:46,00:02:51,00:03:03,00:03:17,00:03:47,00:04:09,00:04:47,00:05:27,00:06:24,00:07:51,00:08:55,00:13:04,2314.2,SouthEastEurope_TeleAtlasMNR_eur2021.12.000-22.192-0 DSEG_NOSPLIT,
1,Moricz-Kelenfold,Monday,22:00-23:00,false,ALL,2314.2,16.63,00:05:46,00:04:17,24.07,14.88,43.24,1.06,2.91,00:02:42,00:03:02,00:03:13,00:03:21,00:03:29,00:03:36,00:03:46,00:03:59,00:04:07,00:04:17,00:04:37,00:04:57,00:05:23,00:05:57,00:06:59,00:07:37,00:09:20,00:11:43,00:15:46,2314.2,SouthEastEurope_TeleAtlasMNR_eur2021.12.000-22.192-0 DSEG_NOSPLIT,
1,Moricz-Kelenfold,Monday,23:00-24:00,false,ALL,1905.88,6.44,00:04:57,00:04:00,23.14,14.51,44.54,0.91,1.8,00:02:26,00:02:28,00:02:34,00:03:00,00:03:06,00:03:13,00:03:16,00:03:30,00:03:37,00:04:00,00:04:15,00:04:59,00:05:23,00:05:54,00:06:57,00:07:24,00:07:53,00:09:31,00:09:47,2314.2,SouthEastEurope_TeleAtlasMNR_eur2021.12.000-22.192-0 DSEG_NOSPLIT,
1,Moricz-Kelenfold,Tuesday,0:00-1:00,false,ALL,2314.2,12.0,00:06:22,00:05:16,21.79,13.53,35.23,1.0,2.33,00:03:28,00:03:49,00:03:56,00:04:04,00:04:11,00:04:16,00:04:22,00:04:31,00:04:36,00:05:16,00:05:25,00:05:36,00:05:58,00:06:20,00:08:50,00:09:22,00:10:16,00:11:12,00:14:53,2314.2,SouthEastEurope_TeleAtlasMNR_eur2021.12.000-22.192-0 DSEG_NOSPLIT,
1,Moricz-Kelenfold,Tuesday,1:00-2:00,false,ALL,1797.23,2.02,00:02:55,00:02:46,36.98,24.96,58.63,0.46,0.68,00:01:50,00:01:50,00:01:50,00:01:50,00:01:57,00:01:57,00:02:22,00:02:22,00:02:22,00:02:46,00:02:46,00:02:46,00:02:46,00:04:18,00:04:19,00:04:19,00:04:19,00:04:19,00:04:19,2314.2,SouthEastEurope_TeleAtlasMNR_eur2021.12.000-22.192-0 DSEG_NOSPLIT,
1,Moricz-Kelenfold,Tuesday,2:00-3:00,false,ALL,1797.23,3.13,00:04:30,00:04:40,23.97,18.14,36.76,0.71,1.14,00:02:54,00:02:54,00:02:56,00:02:56,00:03:24,00:03:24,00:03:34,00:03:35,00:03:36,00:04:40,00:04:40,00:04:50,00:04:50,00:05:13,00:05:55,00:05:57,00:05:57,00:07:15,00:07:15,2314.2,SouthEastEurope_TeleAtlasMNR_eur2021.12.000-22.192-0 DSEG_NOSPLIT,
1,Moricz-Kelenfold,Tuesday,3:00-4:00,false,ALL,1797.23,3.9,00:03:53,00:03:30,27.82,17.28,44.02,0.61,0.99,00:02:24,00:02:24,00:02:27,00:02:43,00:02:47,00:02:51,00:02:53,00:03:04,00:03:05,00:03:30,00:03:30,00:04:01,00:04:01,00:04:38,00:05:07,00:06:11,00:06:15,00:06:20,00:06:20,2314.2,SouthEastEurope_TeleAtlasMNR_eur2021.12.000-22.192-0 DSEG_NOSPLIT,
1,Moricz-Kelenfold,Tuesday,4:00-5:00,false,ALL,1797.23,3.69,00:03:47,00:03:50,28.48,20.2,52.15,0.59,0.97,00:02:03,00:02:03,00:02:04,00:02:25,00:02:59,00:03:00,00:03:09,00:03:19,00:03:22,00:03:50,00:03:50,00:04:07,00:04:10,00:04:14,00:05:12,00:05:20,00:05:20,00:06:11,00:06:11,2314.2,SouthEastEurope_TeleAtlasMNR_eur2021.12.000-22.192-0 DSEG_NOSPLIT,
1,Moricz-Kelenfold,Tuesday,5:00-6:00,false,ALL,1797.23,8.88,00:05:58,00:04:44,18.07,11.14,40.27,0.94,2.68,00:02:03,00:02:25,00:02:41,00:03:05,00:03:16,00:03:24,00:03:34,00:03:56,00:04:13,00:04:44,00:04:55,00:05:21,00:05:51,00:06:30,00:07:16,00:08:28,00:09:41,00:11:22,00:17:07,2314.2,SouthEastEurope_TeleAtlasMNR_eur2021.12.000-22.192-0 DSEG_NOSPLIT,
1,Moricz-Kelenfold,Tuesday,6:00-7:00,false,ALL,1905.88,26.52,00:05:19,00:03:57,21.52,13.9,45.03,0.83,2.24,00:02:08,00:02:25,00:02:32,00:02:39,00:02:47,00:02:54,00:03:01,00:03:14,00:03:27,00:03:57,00:04:16,00:04:38,00:04:55,00:05:17,00:06:18,00:07:01,00:08:13,00:10:51,00:14:16,2314.2,SouthEastEurope_TeleAtlasMNR_eur2021.12.000-22.192-0 DSEG_NOSPLIT,
1,Moricz-Kelenfold,Tuesday,7:00-8:00,false,ALL,2314.2,56.81,00:06:01,00:04:16,23.09,14.65,41.22,0.94,2.47,00:03:03,00:03:13,00:03:22,00:03:28,00:03:34,00:03:41,00:03:46,00:03:54,00:04:03,00:04:16,00:04:25,00:04:39,00:05:02,00:05:47,00:06:38,00:07:40,00:09:29,00:12:17,00:15:43,2314.2,SouthEastEurope_TeleAtlasMNR_eur2021.12.000-22.192-0 DSEG_NOSPLIT,
1,Moricz-Kelenfold,Tuesday,8:00-9:00,false,ALL,2314.2,64.75,00:05:52,00:04:20,23.67,15.28,44.67,0.92,2.2,00:02:53,00:03:00,00:03:07,00:03:15,00:03:25,00:03:30,00:03:42,00:03:49,00:03:58,00:04:20,00:04:34,00:04:51,00:05:10,00:05:39,00:06:39,00:07:51,00:09:05,00:11:09,00:14:02,2314.2,SouthEastEurope_TeleAtlasMNR_eur2021.12.000-22.192-0 DSEG_NOSPLIT,
1,Moricz-Kelenfold,Tuesday,9:00-10:00,false,ALL,2314.2,48.87,00:05:57,00:04:26,23.32,15.39,43.02,0.93,2.41,00:02:57,00:03:07,00:03:14,00:03:24,00:03:30,00:03:36,00:03:41,00:03:54,00:04:05,00:04:26,00:04:45,00:05:13,00:05:33,00:06:02,00:06:48,00:07:40,00:09:01,00:10:45,00:15:23,2314.2,SouthEastEurope_TeleAtlasMNR_eur2021.12.000-22.192-0 DSEG_NOSPLIT,
1,Moricz-Kelenfold,Tuesday,10:00-11:00,false,ALL,2314.2,56.31,00:06:43,00:04:33,20.68,13.95,43.8,1.05,2.9,00:02:53,00:03:03,00:03:10,00:03:23,00:03:34,00:03:44,00:03:52,00:04:04,00:04:17,00:04:33,00:04:45,00:05:08,00:05:34,00:06:23,00:07:20,00:08:22,00:09:57,00:14:06,00:18:28,2314.2,SouthEastEurope_TeleAtlasMNR_eur2021.12.000-22.192-0 DSEG_NOSPLIT,
1,Moricz-Kelenfold,Tuesday,11:00-12:00,false,ALL,2314.2,51.58,00:06:25,00:04:47,21.66,14.2,39.86,1.01,2.41,00:03:12,00:03:21,00:03:29,00:03:36,00:03:45,00:03:50,00:04:05,00:04:15,00:04:24,00:04:47,00:04:59,00:05:09,00:05:31,00:06:34,00:07:16,00:08:14,00:09:46,00:11:55,00:15:21,2314.2,SouthEastEurope_TeleAtlasMNR_eur2021.12.000-22.192-0 DSEG_NOSPLIT,
1,Moricz-Kelenfold,Tuesday,12:00-13:00,false,ALL,2314.2,54.6,00:07:00,00:05:33,19.86,12.85,39.91,1.1,2.59,00:03:13,00:03:23,00:03:29,00:03:34,00:03:49,00:03:54,00:04:35,00:04:41,00:04:49,00:05:33,00:05:46,00:06:01,00:06:21,00:08:02,00:08:40,00:09:47,00:10:49,00:13:01,00:16:32,2314.2,SouthEastEurope_TeleAtlasMNR_eur2021.12.000-22.192-0 DSEG_NOSPLIT,
1,Moricz-Kelenfold,Tuesday,13:00-14:00,false,ALL,2314.2,65.29,00:06:18,00:04:26,22.04,14.52,44.14,0.99,3.08,00:02:48,00:03:00,00:03:09,00:03:18,00:03:28,00:03:36,00:03:44,00:03:56,00:04:07,00:04:26,00:04:39,00:04:54,00:05:08,00:05:35,00:06:20,00:07:34,00:09:34,00:13:11,00:19:37,2314.2,SouthEastEurope_TeleAtlasMNR_eur2021.12.000-22.192-0 DSEG_NOSPLIT,
1,Moricz-Kelenfold,Tuesday,14:00-15:00,false,ALL,2314.2,59.23,00:06:36,00:04:33,21.04,11.84,42.62,1.04,2.8,00:02:56,00:03:06,00:03:15,00:03:26,00:03:32,00:03:41,00:03:50,00:03:57,00:04:10,00:04:33,00:04:50,00:05:12,00:05:40,00:06:27,00:07:24,00:08:36,00:11:44,00:14:27,00:17:50,2314.2,SouthEastEurope_TeleAtlasMNR_eur2021.12.000-22.192-0 DSEG_NOSPLIT,
1,Moricz-Kelenfold,Tuesday,15:00-16:00,false,ALL,2314.2,61.4,00:06:45,00:04:32,20.55,11.85,43.71,1.06,2.95,00:02:47,00:02:58,00:03:11,00:03:24,00:03:35,00:03:41,00:03:51,00:04:01,00:04:16,00:04:32,00:04:53,00:05:21,00:05:49,00:06:26,00:07:11,00:10:03,00:11:43,00:14:16,00:18:50,2314.2,SouthEastEurope_TeleAtlasMNR_eur2021.12.000-22.192-0 DSEG_NOSPLIT,
1,Moricz-Kelenfold,Tuesday,16:00-17:00,false,ALL,2314.2,83.77,00:06:50,00:05:00,20.31,14.17,38.27,1.07,2.98,00:03:16,00:03:28,00:03:38,00:03:49,00:03:57,00:04:06,00:04:19,00:04:29,00:04:43,00:05:00,00:05:13,00:05:34,00:05:57,00:06:39,00:07:14,00:08:05,00:09:48,00:13:01,00:18:58,2314.2,SouthEastEurope_TeleAtlasMNR_eur2021.12.000-22.192-0 DSEG_NOSPLIT,
1,Moricz-Kelenfold,Tuesday,17:00-18:00,false,ALL,2314.2,101.13,00:07:17,00:05:08,19.08,12.93,37.88,1.14,3.15,00:03:07,00:03:25,00:03:40,00:03:49,00:04:01,00:04:11,00:04:24,00:04:34,00:04:49,00:05:08,00:05:25,00:05:47,00:06:11,00:06:57,00:07:51,00:09:10,00:10:44,00:13:43,00:20:05,2314.2,SouthEastEurope_TeleAtlasMNR_eur2021.12.000-22.192-0 DSEG_NOSPLIT,
1,Moricz-Kelenfold,Tuesday,18:00-19:00,false,ALL,2314.2,62.98,00:06:36,00:04:30,21.06,12.04,41.21,1.03,2.71,00:03:01,00:03:11,00:03:22,00:03:30,00:03:38,00:03:45,00:03:55,00:04:08,00:04:19,00:04:30,00:04:44,00:05:12,00:05:30,00:05:56,00:06:43,00:10:14,00:11:32,00:13:41,00:17:15,2314.2,SouthEastEurope_TeleAtlasMNR_eur2021.12.000-22.192-0 DSEG_NOSPLIT,
1,Moricz-Kelenfold,Tuesday,19:00-20:00,false,ALL,2314.2,55.83,00:06:26,00:04:40,21.57,13.11,43.03,1.01,2.81,00:02:55,00:03:03,00:03:14,00:03:22,00:03:30,00:03:35,00:03:47,00:03:56,00:04:05,00:04:40,00:04:51,00:05:25,00:05:44,00:06:32,00:07:17,00:08:50,00:10:35,00:13:08,00:17:55,2314.2,SouthEastEurope_TeleAtlasMNR_eur2021.12.000-22.192-0 DSEG_NOSPLIT,
1,Moricz-Kelenfold,Tuesday,20:00-21:00,false,ALL,2314.2,38.94,00:06:10,00:04:24,22.52,14.21,43.6,0.97,2.35,00:02:54,00:03:04,00:03:11,00:03:22,00:03:29,00:03:35,00:03:47,00:03:59,00:04:08,00:04:24,00:04:32,00:04:50,00:05:03,00:06:22,00:07:25,00:08:18,00:09:46,00:11:41,00:14:58,2314.2,SouthEastEurope_TeleAtlasMNR_eur2021.12.000-22.192-0 DSEG_NOSPLIT,
1,Moricz-Kelenfold,Tuesday,21:00-22:00,false,ALL,2314.2,25.96,00:05:42,00:04:12,24.37,15.58,45.86,0.89,2.25,00:02:45,00:02:57,00:03:02,00:03:08,00:03:14,00:03:22,00:03:29,00:03:35,00:03:41,00:04:12,00:04:22,00:04:44,00:05:13,00:05:39,00:06:36,00:07:20,00:08:55,00:11:24,00:14:20,2314.2,SouthEastEurope_TeleAtlasMNR_eur2021.12.000-22.192-0 DSEG_NOSPLIT,
1,Moricz-Kelenfold,Tuesday,22:00-23:00,false,ALL,2134.48,19.88,00:05:54,00:04:18,21.69,13.34,40.93,0.93,2.23,00:02:49,00:02:59,00:03:08,00:03:15,00:03:20,00:03:27,00:03:41,00:03:48,00:04:03,00:04:18,00:04:42,00:04:57,00:05:27,00:06:08,00:06:57,00:07:43,00:09:36,00:11:48,00:14:13,2314.2,SouthEastEurope_TeleAtlasMNR_eur2021.12.000-22.192-0 DSEG_NOSPLIT,
1,Moricz-Kelenfold,Tuesday,23:00-24:00,false,ALL,2066.44,14.96,00:04:30,00:03:32,27.57,20.75,47.03,0.71,2.16,00:02:11,00:02:28,00:02:38,00:02:44,00:02:49,00:02:55,00:03:03,00:03:12,00:03:18,00:03:32,00:03:39,00:03:55,00:04:10,00:04:29,00:04:59,00:05:24,00:05:59,00:08:14,00:13:45,2314.2,SouthEastEurope_TeleAtlasMNR_eur2021.12.000-22.192-0 DSEG_NOSPLIT,
1,Moricz-Kelenfold,Wednesday,0:00-1:00,false,ALL,1797.23,7.79,00:03:54,00:03:20,27.6,17.89,49.53,1.0,2.19,00:01:55,00:02:04,00:02:11,00:02:17,00:02:27,00:02:32,00:02:42,00:02:50,00:03:05,00:03:20,00:03:24,00:03:41,00:03:53,00:04:20,00:04:55,00:05:43,00:06:02,00:07:53,00:08:34,2314.2,SouthEastEurope_TeleAtlasMNR_eur2021.12.000-22.192-0 DSEG_NOSPLIT,
1,Moricz-Kelenfold,Wednesday,1:00-2:00,false,ALL,1797.23,3.46,00:04:33,00:02:56,23.68,9.02,55.3,1.17,3.23,00:01:56,00:01:56,00:01:57,00:02:02,00:02:20,00:02:21,00:02:26,00:02:28,00:02:30,00:02:56,00:02:56,00:03:10,00:03:10,00:03:46,00:04:50,00:09:12,00:11:58,00:12:37,00:12:37,2314.2,SouthEastEurope_TeleAtlasMNR_eur2021.12.000-22.192-0 DSEG_NOSPLIT,
1,Moricz-Kelenfold,Wednesday,2:00-3:00,false,ALL,2066.44,3.71,00:04:29,00:03:55,27.66,16.43,44.44,1.15,2.05,00:02:47,00:02:47,00:02:47,00:02:55,00:03:05,00:03:05,00:03:12,00:03:43,00:03:43,00:03:55,00:03:55,00:04:18,00:04:23,00:04:49,00:05:46,00:07:33,00:07:33,00:08:00,00:08:00,2314.2,SouthEastEurope_TeleAtlasMNR_eur2021.12.000-22.192-0 DSEG_NOSPLIT,
1,Moricz-Kelenfold,Wednesday,3:00-4:00,false,ALL,1797.23,5.15,00:03:42,00:03:11,29.2,18.91,49.28,0.95,1.81,00:01:54,00:01:57,00:02:11,00:02:32,00:02:34,00:02:40,00:02:42,00:02:49,00:03:06,00:03:11,00:03:11,00:03:45,00:03:45,00:04:00,00:04:44,00:05:19,00:05:42,00:07:03,00:07:03,2314.2,SouthEastEurope_TeleAtlasMNR_eur2021.12.000-22.192-0 DSEG_NOSPLIT,
1,Moricz-Kelenfold,Wednesday,4:00-5:00,false,ALL,1797.23,2.85,00:04:43,00:03:51,22.9,11.91,44.38,1.21,2.32,00:02:26,00:02:26,00:02:26,00:02:30,00:03:08,00:03:08,00:03:19,00:03:24,00:03:24,00:03:51,00:03:51,00:04:05,00:04:05,00:05:01,00:07:49,00:09:03,00:09:03,00:09:03,00:09:03,2314.2,SouthEastEurope_TeleAtlasMNR_eur2021.12.000-22.192-0 DSEG_NOSPLIT,
1,Moricz-Kelenfold,Wednesday,5:00-6:00,false,ALL,1797.23,10.67,00:06:27,00:04:43,16.7,10.09,42.68,1.65,5.69,00:01:51,00:02:28,00:02:32,00:02:51,00:03:00,00:03:11,00:03:20,00:03:57,00:04:03,00:04:43,00:04:54,00:05:13,00:05:35,00:07:11,00:07:36,00:09:29,00:10:41,00:14:19,00:22:14,2314.2,SouthEastEurope_TeleAtlasMNR_eur2021.12.000-22.192-0 DSEG_NOSPLIT,
1,Moricz-Kelenfold,Wednesday,6:00-7:00,false,ALL,2108.73,26.42,00:05:30,00:04:06,23.01,14.61,44.23,1.41,3.45,00:02:39,00:02:47,00:02:52,00:02:59,00:03:04,00:03:12,00:03:20,00:03:30,00:03:43,00:04:06,00:04:20,00:04:48,00:05:09,00:05:51,00:06:44,00:07:29,00:08:40,00:10:25,00:13:28,2314.2,SouthEastEurope_TeleAtlasMNR_eur2021.12.000-22.192-0 DSEG_NOSPLIT,
1,Moricz-Kelenfold,Wednesday,7:00-8:00,false,ALL,2314.2,55.17,00:06:15,00:04:40,22.21,14.93,38.82,1.6,3.91,00:03:19,00:03:28,00:03:35,00:03:40,00:03:47,00:03:52,00:04:03,00:04:12,00:04:20,00:04:40,00:04:59,00:05:19,00:05:49,00:06:18,00:07:01,00:07:56,00:09:18,00:11:03,00:15:16,2314.2,SouthEastEurope_TeleAtlasMNR_eur2021.12.000-22.192-0 DSEG_NOSPLIT,
1,Moricz-Kelenfold,Wednesday,8:00-9:00,false,ALL,2314.2,65.52,00:06:00,00:04:28,23.12,15.46,42.65,1.54,3.82,00:03:00,00:03:08,00:03:15,00:03:21,00:03:29,00:03:34,00:03:45,00:03:51,00:04:02,00:04:28,00:04:40,00:05:01,00:05:19,00:06:02,00:06:37,00:07:23,00:08:59,00:11:09,00:14:56,2314.2,SouthEastEurope_TeleAtlasMNR_eur2021.12.000-22.192-0 DSEG_NOSPLIT,
1,Moricz-Kelenfold,Wednesday,9:00-10:00,false,ALL,2314.2,57.56,00:06:18,00:04:29,22.02,12.88,42.61,1.61,4.08,00:02:56,00:03:09,00:03:16,00:03:29,00:03:36,00:03:40,00:03:48,00:03:59,00:04:09,00:04:29,00:04:46,00:05:15,00:05:44,00:06:32,00:07:14,00:08:12,00:10:47,00:12:59,00:15:57,2314.2,SouthEastEurope_TeleAtlasMNR_eur2021.12.000-22.192-0 DSEG_NOSPLIT,
1,Moricz-Kelenfold,Wednesday,10:00-11:00,false,ALL,2314.2,58.0,00:05:43,00:04:07,24.27,16.17,44.37,1.46,3.91,00:02:48,00:02:56,00:03:08,00:03:14,00:03:23,00:03:29,00:03:34,00:03:42,00:03:55,00:04:07,00:04:19,00:04:33,00:04:56,00:05:19,00:06:15,00:07:04,00:08:35,00:10:44,00:15:17,2314.2,SouthEastEurope_TeleAtlasMNR_eur2021.12.000-22.192-0 DSEG_NOSPLIT,
1,Moricz-Kelenfold,Wednesday,11:00-12:00,false,ALL,2314.2,55.54,00:05:41,00:04:11,24.47,16.31,42.26,1.45,3.58,00:03:01,00:03:11,00:03:17,00:03:24,00:03:30,00:03:34,00:03:43,00:03:51,00:04:01,00:04:11,00:04:20,00:04:33,00:04:50,00:05:14,00:05:56,00:06:54,00:08:31,00:10:37,00:13:59,2314.2,SouthEastEurope_TeleAtlasMNR_eur2021.12.000-22.192-0 DSEG_NOSPLIT,
1,Moricz-Kelenfold,Wednesday,12:00-13:00,false,ALL,2314.2,58.38,00:06:00,00:04:15,23.14,15.39,43.9,1.54,3.9,00:02:51,00:03:03,00:03:10,00:03:24,00:03:30,00:03:36,00:03:45,00:03:58,00:04:07,00:04:15,00:04:24,00:04:51,00:05:10,00:06:00,00:06:35,00:07:54,00:09:01,00:11:44,00:15:14,2314.2,SouthEastEurope_TeleAtlasMNR_eur2021.12.000-22.192-0 DSEG_NOSPLIT,
1,Moricz-Kelenfold,Wednesday,13:00-14:00,false,ALL,2314.2,63.42,00:05:38,00:04:10,24.65,17.15,45.58,1.44,3.54,00:02:47,00:02:57,00:03:03,00:03:11,00:03:18,00:03:24,00:03:30,00:03:42,00:03:53,00:04:10,00:04:22,00:04:41,00:05:00,00:05:30,00:06:21,00:07:04,00:08:06,00:10:20,00:13:51,2314.2,SouthEastEurope_TeleAtlasMNR_eur2021.12.000-22.192-0 DSEG_NOSPLIT,
1,Moricz-Kelenfold,Wednesday,14:00-15:00,false,ALL,2314.2,62.65,00:06:19,00:04:21,21.96,14.96,42.62,1.62,4.42,00:02:51,00:03:02,00:03:15,00:03:24,00:03:30,00:03:39,00:03:49,00:03:57,00:04:06,00:04:21,00:04:34,00:04:51,00:05:23,00:06:03,00:07:02,00:07:51,00:09:17,00:13:08,00:17:16,2314.2,SouthEastEurope_TeleAtlasMNR_eur2021.12.000-22.192-0 DSEG_NOSPLIT,
1,Moricz-Kelenfold,Wednesday,15:00-16:00,false,ALL,2314.2,68.15,00:06:17,00:04:33,22.11,14.32,41.72,1.61,3.99,00:03:03,00:03:10,00:03:20,00:03:27,00:03:36,00:03:42,00:03:52,00:04:03,00:04:13,00:04:33,00:04:50,00:05:14,00:05:45,00:06:14,00:07:06,00:08:16,00:09:42,00:11:47,00:15:36,2314.2,SouthEastEurope_TeleAtlasMNR_eur2021.12.000-22.192-0 DSEG_NOSPLIT,
1,Moricz-Kelenfold,Wednesday,16:00-17:00,false,ALL,2314.2,68.6,00:06:45,00:05:04,20.56,13.24,39.42,1.73,4.37,00:03:07,00:03:18,00:03:31,00:03:43,00:03:55,00:04:06,00:04:15,00:04:27,00:04:40,00:05:04,00:05:19,00:05:39,00:05:55,00:06:36,00:07:41,00:09:18,00:10:29,00:13:15,00:17:04,2314.2,SouthEastEurope_TeleAtlasMNR_eur2021.12.000-22.192-0 DSEG_NOSPLIT,
1,Moricz-Kelenfold,Wednesday,17:00-18:00,false,ALL,2314.2,88.33,00:06:44,00:04:49,20.64,13.52,40.83,1.72,4.65,00:03:03,00:03:15,00:03:24,00:03:33,00:03:47,00:03:58,00:04:08,00:04:20,00:04:32,00:04:49,00:05:06,00:05:30,00:05:55,00:06:32,00:07:19,00:08:38,00:10:16,00:13:58,00:18:10,2314.2,SouthEastEurope_TeleAtlasMNR_eur2021.12.000-22.192-0 DSEG_NOSPLIT,
1,Moricz-Kelenfold,Wednesday,18:00-19:00,false,ALL,2314.2,66.21,00:06:25,00:04:35,21.67,14.31,41.39,1.64,4.26,00:03:02,00:03:13,00:03:21,00:03:30,00:03:39,00:03:45,00:03:58,00:04:09,00:04:19,00:04:35,00:04:44,00:05:00,00:05:22,00:06:12,00:07:01,00:07:59,00:09:42,00:12:59,00:16:39,2314.2,SouthEastEurope_TeleAtlasMNR_eur2021.12.000-22.192-0 DSEG_NOSPLIT,
1,Moricz-Kelenfold,Wednesday,19:00-20:00,false,ALL,2314.2,43.6,00:06:16,00:04:45,22.17,14.23,40.71,1.6,3.92,00:03:05,00:03:17,00:03:25,00:03:38,00:03:50,00:03:56,00:04:05,00:04:14,00:04:26,00:04:45,00:04:58,00:05:14,00:05:35,00:06:03,00:08:05,00:08:55,00:09:45,00:11:25,00:15:18,2314.2,SouthEastEurope_TeleAtlasMNR_eur2021.12.000-22.192-0 DSEG_NOSPLIT,
1,Moricz-Kelenfold,Wednesday,20:00-21:00,false,ALL,2180.82,32.13,00:05:45,00:04:10,22.75,14.82,39.69,1.47,3.72,00:02:58,00:03:10,00:03:18,00:03:24,00:03:31,00:03:36,00:03:40,00:03:47,00:03:58,00:04:10,00:04:21,00:04:38,00:05:02,00:05:37,00:06:40,00:07:20,00:08:50,00:11:36,00:14:32,2314.2,SouthEastEurope_TeleAtlasMNR_eur2021.12.000-22.192-0 DSEG_NOSPLIT,
1,Moricz-Kelenfold,Wednesday,21:00-22:00,false,ALL,2269.29,30.04,00:05:34,00:04:12,24.46,16.81,41.28,1.42,3.46,00:03:02,00:03:10,00:03:18,00:03:24,00:03:30,00:03:36,00:03:41,00:03:47,00:03:54,00:04:12,00:04:18,00:04:32,00:04:42,00:05:14,00:05:54,00:06:52,00:08:06,00:11:09,00:13:32,2314.2,SouthEastEurope_TeleAtlasMNR_eur2021.12.000-22.192-0 DSEG_NOSPLIT,
1,Moricz-Kelenfold,Wednesday,22:00-23:00,false,ALL,1980.79,21.31,00:05:23,00:03:47,22.06,13.24,45.3,1.38,3.58,00:02:22,00:02:30,00:02:37,00:02:43,00:02:51,00:02:58,00:03:05,00:03:16,00:03:28,00:03:47,00:04:07,00:04:40,00:05:13,00:05:50,00:06:39,00:07:59,00:08:59,00:11:23,00:13:58,2314.2,SouthEastEurope_TeleAtlasMNR_eur2021.12.000-22.192-0 DSEG_NOSPLIT,
1,Moricz-Kelenfold,Wednesday,23:00-24:00,false,ALL,2314.2,16.81,00:05:03,00:04:06,27.48,19.93,45.58,1.29,3.21,00:02:38,00:02:51,00:03:03,00:03:10,00:03:16,00:03:21,00:03:27,00:03:33,00:03:46,00:04:06,00:04:15,00:04:33,00:04:56,00:05:16,00:05:38,00:06:11,00:06:58,00:08:37,00:12:34,2314.2,SouthEastEurope_TeleAtlasMNR_eur2021.12.000-22.192-0 DSEG_NOSPLIT,
1,Moricz-Kelenfold,Thursday,0:00-1:00,false,ALL,1797.23,9.0,00:03:55,00:03:04,27.5,17.35,52.04,1.0,2.45,00:01:42,00:01:52,00:02:04,00:02:13,00:02:20,00:02:24,00:02:31,00:02:41,00:02:45,00:03:04,00:03:22,00:03:42,00:04:13,00:04:32,00:05:02,00:05:38,00:06:13,00:07:38,00:09:36,2314.2,SouthEastEurope_TeleAtlasMNR_eur2021.12.000-22.192-0 DSEG_NOSPLIT,
1,Moricz-Kelenfold,Thursday,1:00-2:00,false,ALL,1797.23,1.92,00:05:36,00:05:58,19.24,16.76,21.71,1.43,1.64,00:04:58,00:04:58,00:04:58,00:04:59,00:04:59,00:04:59,00:05:04,00:05:04,00:05:04,00:05:58,00:05:58,00:05:58,00:05:58,00:06:13,00:06:13,00:06:13,00:06:26,00:06:26,00:06:26,2314.2,SouthEastEurope_TeleAtlasMNR_eur2021.12.000-22.192-0 DSEG_NOSPLIT,
1,Moricz-Kelenfold,Thursday,2:00-3:00,false,ALL,1797.23,2.33,00:04:15,00:04:48,25.36,19.37,38.3,1.08,1.51,00:02:49,00:02:49,00:02:49,00:02:49,00:03:10,00:03:11,00:03:35,00:03:35,00:03:36,00:04:48,00:04:48,00:04:49,00:04:49,00:05:16,00:05:34,00:05:34,00:05:34,00:05:56,00:05:56,2314.2,SouthEastEurope_TeleAtlasMNR_eur2021.12.000-22.192-0 DSEG_NOSPLIT,
1,Moricz-Kelenfold,Thursday,3:00-4:00,false,ALL,1797.23,4.1,00:04:24,00:03:41,24.55,13.6,46.31,1.12,2.08,00:02:15,00:02:15,00:02:20,00:02:51,00:02:58,00:02:58,00:03:13,00:03:31,00:03:32,00:03:41,00:03:41,00:04:25,00:04:25,00:05:18,00:05:22,00:07:35,00:07:56,00:08:09,00:08:09,2314.2,SouthEastEurope_TeleAtlasMNR_eur2021.12.000-22.192-0 DSEG_NOSPLIT,
1,Moricz-Kelenfold,Thursday,4:00-5:00,false,ALL,1797.23,2.96,00:04:24,00:04:41,24.53,15.92,40.38,1.12,1.76,00:02:40,00:02:40,00:02:40,00:02:40,00:03:13,00:03:13,00:03:18,00:03:18,00:03:19,00:04:41,00:04:41,00:04:42,00:04:42,00:05:12,00:06:34,00:06:34,00:06:47,00:06:54,00:06:54,2314.2,SouthEastEurope_TeleAtlasMNR_eur2021.12.000-22.192-0 DSEG_NOSPLIT,
1,Moricz-Kelenfold,Thursday,5:00-6:00,false,ALL,1976.95,12.17,00:05:36,00:04:20,21.16,12.59,44.2,1.43,4.11,00:02:04,00:02:31,00:02:41,00:02:52,00:02:59,00:03:10,00:03:23,00:03:39,00:03:48,00:04:20,00:04:33,00:04:50,00:05:30,00:05:46,00:06:29,00:07:58,00:09:25,00:11:55,00:16:06,2314.2,SouthEastEurope_TeleAtlasMNR_eur2021.12.000-22.192-0 DSEG_NOSPLIT,
1,Moricz-Kelenfold,Thursday,6:00-7:00,false,ALL,2134.48,25.35,00:06:16,00:04:56,20.46,12.71,41.5,1.6,3.78,00:02:49,00:02:56,00:03:05,00:03:13,00:03:23,00:03:33,00:03:44,00:03:52,00:04:02,00:04:56,00:05:20,00:05:50,00:06:13,00:06:38,00:07:44,00:08:46,00:10:04,00:12:05,00:14:50,2314.2,SouthEastEurope_TeleAtlasMNR_eur2021.12.000-22.192-0 DSEG_NOSPLIT,
1,Moricz-Kelenfold,Thursday,7:00-8:00,false,ALL,2314.2,59.02,00:06:20,00:04:43,21.94,14.43,42.1,1.61,4.19,00:02:57,00:03:10,00:03:18,00:03:31,00:03:38,00:03:48,00:04:01,00:04:13,00:04:26,00:04:43,00:04:55,00:05:20,00:05:45,00:06:31,00:07:17,00:08:21,00:09:38,00:12:18,00:16:25,2314.2,SouthEastEurope_TeleAtlasMNR_eur2021.12.000-22.192-0 DSEG_NOSPLIT,
1,Moricz-Kelenfold,Thursday,8:00-9:00,false,ALL,2314.2,60.83,00:06:39,00:04:54,20.9,13.38,40.93,1.69,4.46,00:03:03,00:03:14,00:03:24,00:03:33,00:03:43,00:03:50,00:04:03,00:04:15,00:04:29,00:04:54,00:05:10,00:05:39,00:06:13,00:06:53,00:07:35,00:08:45,00:10:23,00:12:21,00:17:29,2314.2,SouthEastEurope_TeleAtlasMNR_eur2021.12.000-22.192-0 DSEG_NOSPLIT,
1,Moricz-Kelenfold,Thursday,9:00-10:00,false,ALL,2314.2,74.12,00:05:47,00:04:21,24.03,16.91,43.22,1.47,3.6,00:02:57,00:03:05,00:03:13,00:03:26,00:03:34,00:03:39,00:03:50,00:04:00,00:04:08,00:04:21,00:04:35,00:04:49,00:05:13,00:05:50,00:06:28,00:07:09,00:08:13,00:10:19,00:14:08,2314.2,SouthEastEurope_TeleAtlasMNR_eur2021.12.000-22.192-0 DSEG_NOSPLIT,
1,Moricz-Kelenfold,Thursday,10:00-11:00,false,ALL,2314.2,57.35,00:06:01,00:04:25,23.08,14.97,42.28,1.53,3.98,00:02:59,00:03:10,00:03:17,00:03:32,00:03:38,00:03:44,00:03:52,00:04:05,00:04:11,00:04:25,00:04:40,00:05:23,00:05:49,00:06:24,00:07:00,00:07:57,00:09:17,00:10:33,00:15:36,2314.2,SouthEastEurope_TeleAtlasMNR_eur2021.12.000-22.192-0 DSEG_NOSPLIT,
1,Moricz-Kelenfold,Thursday,11:00-12:00,false,ALL,2314.2,56.04,00:06:14,00:04:27,22.3,14.46,43.26,1.59,4.22,00:02:56,00:03:05,00:03:13,00:03:30,00:03:36,00:03:43,00:03:50,00:04:03,00:04:13,00:04:27,00:04:39,00:05:09,00:05:31,00:06:02,00:06:38,00:08:09,00:09:36,00:12:02,00:16:33,2314.2,SouthEastEurope_TeleAtlasMNR_eur2021.12.000-22.192-0 DSEG_NOSPLIT,
1,Moricz-Kelenfold,Thursday,12:00-13:00,false,ALL,2314.2,54.9,00:05:52,00:04:09,23.69,14.9,45.89,1.49,3.72,00:02:45,00:02:55,00:03:02,00:03:19,00:03:24,00:03:31,00:03:40,00:03:55,00:04:01,00:04:09,00:04:22,00:04:54,00:05:13,00:05:41,00:06:18,00:08:04,00:09:19,00:10:38,00:14:36,2314.2,SouthEastEurope_TeleAtlasMNR_eur2021.12.000-22.192-0 DSEG_NOSPLIT,
1,Moricz-Kelenfold,Thursday,13:00-14:00,false,ALL,2314.2,62.27,00:06:17,00:04:35,22.12,15.42,43.76,1.6,4.56,00:02:50,00:03:02,00:03:10,00:03:18,00:03:29,00:03:35,00:03:44,00:03:55,00:04:08,00:04:35,00:04:52,00:05:10,00:05:31,00:06:01,00:07:00,00:07:39,00:09:00,00:13:21,00:17:53,2314.2,SouthEastEurope_TeleAtlasMNR_eur2021.12.000-22.192-0 DSEG_NOSPLIT,
1,Moricz-Kelenfold,Thursday,14:00-15:00,false,ALL,2314.2,55.37,00:07:09,00:04:36,19.43,14.5,42.47,1.82,5.57,00:02:59,00:03:09,00:03:16,00:03:26,00:03:33,00:03:45,00:03:53,00:04:03,00:04:18,00:04:36,00:04:48,00:05:11,00:05:40,00:06:13,00:07:24,00:08:19,00:09:34,00:18:26,00:21:50,2314.2,SouthEastEurope_TeleAtlasMNR_eur2021.12.000-22.192-0 DSEG_NOSPLIT,
1,Moricz-Kelenfold,Thursday,15:00-16:00,false,ALL,2314.2,67.23,00:06:57,00:05:05,20.0,13.31,40.47,1.77,4.83,00:03:03,00:03:15,00:03:26,00:03:34,00:03:45,00:03:53,00:04:09,00:04:22,00:04:33,00:05:05,00:05:18,00:05:40,00:06:07,00:06:44,00:07:37,00:08:36,00:10:26,00:14:34,00:18:57,2314.2,SouthEastEurope_TeleAtlasMNR_eur2021.12.000-22.192-0 DSEG_NOSPLIT,
1,Moricz-Kelenfold,Thursday,16:00-17:00,false,ALL,2314.2,75.54,00:06:26,00:04:46,21.58,14.94,40.81,1.64,4.28,00:03:00,00:03:14,00:03:24,00:03:35,00:03:45,00:03:53,00:04:05,00:04:18,00:04:32,00:04:46,00:05:04,00:05:33,00:05:58,00:06:33,00:07:17,00:08:10,00:09:18,00:11:41,00:16:46,2314.2,SouthEastEurope_TeleAtlasMNR_eur2021.12.000-22.192-0 DSEG_NOSPLIT,
1,Moricz-Kelenfold,Thursday,17:00-18:00,false,ALL,2314.2,84.04,00:06:29,00:04:50,21.39,14.03,40.41,1.66,4.36,00:02:58,00:03:13,00:03:26,00:03:39,00:03:51,00:03:59,00:04:09,00:04:21,00:04:35,00:04:50,00:05:03,00:05:18,00:05:44,00:06:27,00:07:16,00:08:08,00:09:54,00:12:02,00:17:05,2314.2,SouthEastEurope_TeleAtlasMNR_eur2021.12.000-22.192-0 DSEG_NOSPLIT,
1,Moricz-Kelenfold,Thursday,18:00-19:00,false,ALL,2314.2,69.73,00:06:35,00:04:36,21.1,13.71,41.51,1.68,4.48,00:03:01,00:03:08,00:03:21,00:03:30,00:03:39,00:03:46,00:03:55,00:04:07,00:04:18,00:04:36,00:04:48,00:05:16,00:05:43,00:06:32,00:07:33,00:08:41,00:10:08,00:13:10,00:17:34,2314.2,SouthEastEurope_TeleAtlasMNR_eur2021.12.000-22.192-0 DSEG_NOSPLIT,
1,Moricz-Kelenfold,Thursday,19:00-20:00,false,ALL,2314.2,48.87,00:06:15,00:04:30,22.24,14.85,40.9,1.59,3.98,00:03:07,00:03:16,00:03:24,00:03:31,00:03:38,00:03:47,00:03:56,00:04:04,00:04:12,00:04:30,00:04:47,00:05:09,00:05:34,00:06:05,00:06:59,00:07:54,00:09:21,00:11:45,00:15:36,2314.2,SouthEastEurope_TeleAtlasMNR_eur2021.12.000-22.192-0 DSEG_NOSPLIT,
1,Moricz-Kelenfold,Thursday,20:00-21:00,false,ALL,2314.2,40.67,00:05:56,00:04:27,23.41,15.69,44.18,1.51,3.94,00:02:49,00:03:00,00:03:09,00:03:15,00:03:27,00:03:32,00:03:44,00:03:50,00:03:56,00:04:27,00:04:39,00:04:50,00:05:15,00:05:43,00:06:23,00:07:11,00:08:51,00:11:00,00:15:26,2314.2,SouthEastEurope_TeleAtlasMNR_eur2021.12.000-22.192-0 DSEG_NOSPLIT,
1,Moricz-Kelenfold,Thursday,21:00-22:00,false,ALL,1905.88,24.67,00:04:36,00:03:09,24.88,15.7,47.01,1.17,3.23,00:02:13,00:02:20,00:02:26,00:02:33,00:02:37,00:02:42,00:02:47,00:02:53,00:02:59,00:03:09,00:03:22,00:03:38,00:03:51,00:04:18,00:04:55,00:06:17,00:07:17,00:09:55,00:12:40,2314.2,SouthEastEurope_TeleAtlasMNR_eur2021.12.000-22.192-0 DSEG_NOSPLIT,
1,Moricz-Kelenfold,Thursday,22:00-23:00,false,ALL,2314.2,18.77,00:06:11,00:04:42,22.47,13.93,44.83,1.58,3.89,00:02:48,00:03:00,00:03:06,00:03:13,00:03:23,00:03:29,00:03:39,00:03:58,00:04:18,00:04:42,00:04:55,00:05:12,00:05:37,00:06:24,00:07:14,00:08:48,00:09:58,00:11:50,00:15:15,2314.2,SouthEastEurope_TeleAtlasMNR_eur2021.12.000-22.192-0 DSEG_NOSPLIT,
1,Moricz-Kelenfold,Thursday,23:00-24:00,false,ALL,1797.23,18.81,00:03:55,00:02:46,27.54,18.41,53.88,1.0,2.83,00:01:43,00:01:52,00:02:00,00:02:07,00:02:14,00:02:18,00:02:24,00:02:30,00:02:35,00:02:46,00:02:57,00:03:15,00:03:30,00:04:06,00:04:49,00:05:14,00:05:51,00:07:21,00:11:07,2314.2,SouthEastEurope_TeleAtlasMNR_eur2021.12.000-22.192-0 DSEG_NOSPLIT,
1,Moricz-Kelenfold,Friday,0:00-1:00,false,ALL,2314.2,14.71,00:08:06,00:07:03,17.13,13.57,22.68,1.0,2.01,00:05:48,00:06:01,00:06:07,00:06:12,00:06:16,00:06:20,00:06:29,00:06:38,00:06:47,00:07:03,00:07:15,00:07:29,00:08:02,00:08:27,00:09:06,00:09:44,00:10:14,00:11:52,00:16:18,2314.2,SouthEastEurope_TeleAtlasMNR_eur2021.12.000-22.192-0 DSEG_NOSPLIT,
1,Moricz-Kelenfold,Friday,1:00-2:00,false,ALL,2254.56,7.44,00:04:15,00:03:42,31.85,21.84,49.45,0.52,1.1,00:02:37,00:02:42,00:02:44,00:02:49,00:02:58,00:03:07,00:03:08,00:03:27,00:03:27,00:03:42,00:03:49,00:03:55,00:04:16,00:04:26,00:05:14,00:05:28,00:06:12,00:07:10,00:08:53,2314.2,SouthEastEurope_TeleAtlasMNR_eur2021.12.000-22.192-0 DSEG_NOSPLIT,
1,Moricz-Kelenfold,Friday,2:00-3:00,false,ALL,1797.23,4.67,00:04:06,00:03:19,26.28,16.41,57.0,0.51,1.16,00:01:49,00:01:49,00:01:54,00:02:08,00:02:11,00:02:14,00:02:19,00:02:45,00:02:59,00:03:19,00:03:19,00:04:24,00:04:24,00:04:44,00:05:20,00:06:21,00:06:34,00:09:22,00:09:22,2314.2,SouthEastEurope_TeleAtlasMNR_eur2021.12.000-22.192-0 DSEG_NOSPLIT,
1,Moricz-Kelenfold,Friday,3:00-4:00,false,ALL,1797.23,4.96,00:03:51,00:03:19,28.05,16.37,52.69,0.47,0.97,00:01:57,00:01:59,00:02:03,00:02:07,00:02:40,00:02:43,00:02:45,00:02:53,00:02:54,00:03:19,00:03:19,00:03:22,00:03:37,00:04:00,00:05:42,00:06:01,00:06:35,00:07:54,00:07:54,2314.2,SouthEastEurope_TeleAtlasMNR_eur2021.12.000-22.192-0 DSEG_NOSPLIT,
1,Moricz-Kelenfold,Friday,4:00-5:00,false,ALL,1976.95,6.02,00:04:08,00:03:22,28.75,18.61,47.32,0.51,1.1,00:02:20,00:02:21,00:02:30,00:02:36,00:02:40,00:02:45,00:02:54,00:03:04,00:03:06,00:03:22,00:03:24,00:03:29,00:03:45,00:04:23,00:05:10,00:05:49,00:06:22,00:08:36,00:08:56,2314.2,SouthEastEurope_TeleAtlasMNR_eur2021.12.000-22.192-0 DSEG_NOSPLIT,
1,Moricz-Kelenfold,Friday,5:00-6:00,false,ALL,1797.23,10.21,00:05:33,00:04:10,19.42,11.28,46.93,0.68,2.08,00:01:54,00:02:11,00:02:18,00:02:38,00:02:43,00:02:57,00:03:05,00:03:28,00:03:37,00:04:10,00:04:33,00:05:00,00:05:27,00:05:47,00:07:06,00:07:43,00:09:33,00:10:40,00:16:52,2314.2,SouthEastEurope_TeleAtlasMNR_eur2021.12.000-22.192-0 DSEG_NOSPLIT,
1,Moricz-Kelenfold,Friday,6:00-7:00,false,ALL,1980.79,27.5,00:05:15,00:03:36,22.66,13.71,45.09,0.65,1.59,00:02:20,00:02:31,00:02:38,00:02:42,00:02:46,00:02:51,00:03:01,00:03:08,00:03:15,00:03:36,00:03:55,00:04:30,00:05:05,00:05:50,00:06:51,00:07:41,00:08:40,00:10:48,00:12:52,2314.2,SouthEastEurope_TeleAtlasMNR_eur2021.12.000-22.192-0 DSEG_NOSPLIT,
1,Moricz-Kelenfold,Friday,7:00-8:00,false,ALL,2314.2,56.56,00:05:56,00:04:07,23.41,14.9,43.35,0.73,2.02,00:02:51,00:03:01,00:03:12,00:03:20,00:03:27,00:03:33,00:03:40,00:03:49,00:03:56,00:04:07,00:04:18,00:04:35,00:05:04,00:05:36,00:06:30,00:07:42,00:09:19,00:12:20,00:16:22,2314.2,SouthEastEurope_TeleAtlasMNR_eur2021.12.000-22.192-0 DSEG_NOSPLIT,
1,Moricz-Kelenfold,Friday,8:00-9:00,false,ALL,2314.2,62.42,00:06:39,00:04:10,20.86,12.07,44.08,0.82,2.2,00:02:53,00:03:02,00:03:09,00:03:18,00:03:25,00:03:32,00:03:40,00:03:48,00:03:59,00:04:10,00:04:17,00:04:30,00:04:57,00:07:47,00:09:28,00:10:13,00:11:30,00:13:58,00:17:50,2314.2,SouthEastEurope_TeleAtlasMNR_eur2021.12.000-22.192-0 DSEG_NOSPLIT,
1,Moricz-Kelenfold,Friday,9:00-10:00,false,ALL,2314.2,63.9,00:06:15,00:04:24,22.19,16.59,42.52,0.77,2.1,00:02:55,00:03:09,00:03:16,00:03:27,00:03:34,00:03:39,00:03:48,00:03:54,00:04:02,00:04:24,00:04:32,00:04:52,00:05:11,00:05:46,00:06:22,00:07:16,00:08:22,00:13:59,00:17:04,2314.2,SouthEastEurope_TeleAtlasMNR_eur2021.12.000-22.192-0 DSEG_NOSPLIT,
1,Moricz-Kelenfold,Friday,10:00-11:00,false,ALL,2314.2,53.56,00:06:37,00:05:19,20.97,14.22,36.94,0.82,1.89,00:03:30,00:03:38,00:03:46,00:03:55,00:04:00,00:04:07,00:04:21,00:04:32,00:04:40,00:05:19,00:05:31,00:05:53,00:06:11,00:07:00,00:07:34,00:08:37,00:09:46,00:11:50,00:15:21,2314.2,SouthEastEurope_TeleAtlasMNR_eur2021.12.000-22.192-0 DSEG_NOSPLIT,
1,Moricz-Kelenfold,Friday,11:00-12:00,false,ALL,2314.2,56.44,00:06:02,00:04:18,23.0,15.43,43.9,0.74,2.1,00:02:47,00:02:56,00:03:10,00:03:17,00:03:27,00:03:33,00:03:39,00:03:54,00:04:06,00:04:18,00:04:27,00:04:47,00:05:08,00:05:34,00:06:25,00:07:29,00:09:00,00:12:14,00:16:59,2314.2,SouthEastEurope_TeleAtlasMNR_eur2021.12.000-22.192-0 DSEG_NOSPLIT,
1,Moricz-Kelenfold,Friday,12:00-13:00,false,ALL,2269.29,64.94,00:05:45,00:04:07,23.68,15.82,44.85,0.71,1.88,00:02:48,00:02:56,00:03:02,00:03:10,00:03:17,00:03:25,00:03:33,00:03:44,00:03:51,00:04:07,00:04:18,00:04:32,00:04:58,00:05:30,00:06:10,00:07:14,00:08:36,00:10:44,00:15:13,2314.2,SouthEastEurope_TeleAtlasMNR_eur2021.12.000-22.192-0 DSEG_NOSPLIT,
1,Moricz-Kelenfold,Friday,13:00-14:00,false,ALL,2314.2,61.77,00:06:30,00:04:35,21.37,14.23,42.31,0.8,2.14,00:02:49,00:03:00,00:03:17,00:03:24,00:03:35,00:03:41,00:03:51,00:04:02,00:04:15,00:04:35,00:04:48,00:05:06,00:05:30,00:06:09,00:06:59,00:08:05,00:09:45,00:13:18,00:17:23,2314.2,SouthEastEurope_TeleAtlasMNR_eur2021.12.000-22.192-0 DSEG_NOSPLIT,
1,Moricz-Kelenfold,Friday,14:00-15:00,false,ALL,2314.2,88.23,00:06:12,00:04:25,22.39,15.16,41.43,0.76,1.95,00:02:57,00:03:09,00:03:21,00:03:28,00:03:36,00:03:45,00:03:52,00:03:59,00:04:12,00:04:25,00:04:38,00:05:02,00:05:24,00:06:02,00:06:51,00:07:44,00:09:10,00:12:04,00:15:47,2314.2,SouthEastEurope_TeleAtlasMNR_eur2021.12.000-22.192-0 DSEG_NOSPLIT,
1,Moricz-Kelenfold,Friday,15:00-16:00,false,ALL,2314.2,98.38,00:06:30,00:04:36,21.38,13.26,41.98,0.8,1.98,00:02:59,00:03:09,00:03:18,00:03:33,00:03:43,00:03:51,00:03:59,00:04:12,00:04:23,00:04:36,00:04:48,00:05:15,00:05:42,00:06:20,00:07:15,00:08:59,00:10:28,00:12:24,00:16:04,2314.2,SouthEastEurope_TeleAtlasMNR_eur2021.12.000-22.192-0 DSEG_NOSPLIT,
1,Moricz-Kelenfold,Friday,16:00-17:00,false,ALL,2314.2,83.87,00:06:20,00:04:38,21.91,14.19,40.7,0.78,2.05,00:03:03,00:03:14,00:03:25,00:03:32,00:03:40,00:03:47,00:03:56,00:04:10,00:04:21,00:04:38,00:04:53,00:05:11,00:05:34,00:06:06,00:06:59,00:07:50,00:09:47,00:12:07,00:16:36,2314.2,SouthEastEurope_TeleAtlasMNR_eur2021.12.000-22.192-0 DSEG_NOSPLIT,
1,Moricz-Kelenfold,Friday,17:00-18:00,false,ALL,2314.2,88.02,00:06:52,00:04:51,20.24,14.17,40.26,0.85,2.4,00:03:03,00:03:14,00:03:27,00:03:34,00:03:45,00:03:53,00:04:02,00:04:17,00:04:31,00:04:51,00:05:03,00:05:24,00:05:55,00:06:26,00:07:28,00:08:12,00:09:48,00:15:39,00:19:29,2314.2,SouthEastEurope_TeleAtlasMNR_eur2021.12.000-22.192-0 DSEG_NOSPLIT,
1,Moricz-Kelenfold,Friday,18:00-19:00,false,ALL,2314.2,63.13,00:06:20,00:04:41,21.93,14.61,39.97,0.78,1.88,00:03:11,00:03:22,00:03:28,00:03:35,00:03:47,00:03:52,00:04:08,00:04:17,00:04:24,00:04:41,00:04:49,00:05:08,00:05:30,00:06:30,00:07:24,00:08:14,00:09:30,00:11:39,00:15:15,2314.2,SouthEastEurope_TeleAtlasMNR_eur2021.12.000-22.192-0 DSEG_NOSPLIT,
1,Moricz-Kelenfold,Friday,19:00-20:00,false,ALL,2314.2,41.23,00:06:13,00:04:28,22.36,14.88,41.38,0.77,2.03,00:03:04,00:03:12,00:03:21,00:03:30,00:03:37,00:03:42,00:03:54,00:04:02,00:04:10,00:04:28,00:04:39,00:05:01,00:05:17,00:05:51,00:06:38,00:07:34,00:09:20,00:11:41,00:16:29,2314.2,SouthEastEurope_TeleAtlasMNR_eur2021.12.000-22.192-0 DSEG_NOSPLIT,
1,Moricz-Kelenfold,Friday,20:00-21:00,false,ALL,2314.2,40.25,00:05:50,00:04:10,23.8,15.68,45.66,0.72,1.97,00:02:46,00:02:55,00:03:02,00:03:09,00:03:15,00:03:21,00:03:33,00:03:41,00:03:50,00:04:10,00:04:22,00:04:44,00:05:01,00:05:44,00:06:25,00:07:21,00:08:51,00:10:57,00:15:56,2314.2,SouthEastEurope_TeleAtlasMNR_eur2021.12.000-22.192-0 DSEG_NOSPLIT,
1,Moricz-Kelenfold,Friday,21:00-22:00,false,ALL,2066.44,25.31,00:04:53,00:03:22,25.35,15.61,47.0,0.6,1.57,00:02:22,00:02:31,00:02:38,00:02:44,00:02:49,00:02:53,00:02:59,00:03:06,00:03:12,00:03:22,00:03:35,00:03:46,00:04:02,00:04:44,00:05:28,00:06:39,00:07:57,00:09:22,00:12:44,2314.2,SouthEastEurope_TeleAtlasMNR_eur2021.12.000-22.192-0 DSEG_NOSPLIT,
1,Moricz-Kelenfold,Friday,22:00-23:00,false,ALL,1905.88,25.35,00:04:58,00:03:17,23.02,13.88,45.9,0.61,1.57,00:02:15,00:02:24,00:02:29,00:02:36,00:02:40,00:02:46,00:02:52,00:02:57,00:03:03,00:03:17,00:03:28,00:03:46,00:04:02,00:04:40,00:05:24,00:06:47,00:08:14,00:10:35,00:12:42,2314.2,SouthEastEurope_TeleAtlasMNR_eur2021.12.000-22.192-0 DSEG_NOSPLIT,
1,Moricz-Kelenfold,Friday,23:00-24:00,false,ALL,2314.2,22.63,00:05:06,00:04:03,27.22,18.41,43.83,0.63,1.46,00:02:52,00:03:04,00:03:10,00:03:20,00:03:25,00:03:30,00:03:36,00:03:41,00:03:49,00:04:03,00:04:11,00:04:25,00:04:37,00:05:02,00:05:39,00:06:21,00:07:32,00:08:54,00:11:51,2314.2,SouthEastEurope_TeleAtlasMNR_eur2021.12.000-22.192-0 DSEG_NOSPLIT,
2,Alle-Fehervari,Monday,0:00-1:00,false,ALL,1754.47,8.09,00:03:57,00:03:58,26.7,17.42,53.51,1.0,1.96,00:01:54,00:01:54,00:01:58,00:02:15,00:02:28,00:02:29,00:02:47,00:02:52,00:02:57,00:03:58,00:03:59,00:04:27,00:04:42,00:04:55,00:04:59,00:05:38,00:06:03,00:06:52,00:07:44,1754.47,SouthEastEurope_TeleAtlasMNR_eur2021.12.000-22.192-0 DSEG_NOSPLIT,
2,Alle-Fehervari,Monday,1:00-2:00,false,ALL,1585.4,5.31,00:03:21,00:03:05,28.43,17.01,55.97,0.85,1.68,00:01:39,00:01:42,00:01:42,00:01:43,00:02:29,00:02:29,00:02:36,00:02:36,00:02:37,00:03:05,00:03:05,00:03:13,00:03:13,00:03:26,00:05:27,00:05:27,00:05:35,00:05:35,00:06:37,1754.47,SouthEastEurope_TeleAtlasMNR_eur2021.12.000-22.192-0 DSEG_NOSPLIT,
2,Alle-Fehervari,Monday,2:00-3:00,false,ALL,1585.4,6.0,00:03:07,00:02:50,30.51,18.87,54.25,0.79,1.54,00:01:41,00:01:44,00:01:45,00:01:56,00:01:58,00:01:59,00:02:02,00:02:22,00:02:22,00:02:50,00:02:50,00:03:10,00:03:20,00:03:47,00:04:05,00:04:53,00:05:02,00:06:05,00:06:05,1754.47,SouthEastEurope_TeleAtlasMNR_eur2021.12.000-22.192-0 DSEG_NOSPLIT,
2,Alle-Fehervari,Monday,3:00-4:00,false,ALL,1727.57,4.51,00:03:58,00:03:35,26.12,13.76,44.7,1.01,1.91,00:02:19,00:02:19,00:02:19,00:02:39,00:02:39,00:02:39,00:02:44,00:03:29,00:03:29,00:03:35,00:03:35,00:03:46,00:03:46,00:04:12,00:04:12,00:05:50,00:07:32,00:07:32,00:07:32,1754.47,SouthEastEurope_TeleAtlasMNR_eur2021.12.000-22.192-0 DSEG_NOSPLIT,
2,Alle-Fehervari,Monday,4:00-5:00,false,ALL,1585.4,5.54,00:03:13,00:02:45,29.63,17.47,61.37,0.81,1.7,00:01:30,00:01:30,00:01:33,00:02:10,00:02:12,00:02:12,00:02:16,00:02:30,00:02:36,00:02:45,00:02:46,00:03:15,00:03:15,00:03:33,00:03:33,00:05:04,00:05:27,00:06:38,00:06:42,1754.47,SouthEastEurope_TeleAtlasMNR_eur2021.12.000-22.192-0 DSEG_NOSPLIT,
2,Alle-Fehervari,Monday,5:00-6:00,false,ALL,1585.4,5.71,00:04:45,00:05:17,20.05,13.26,34.56,1.2,2.08,00:02:41,00:02:44,00:02:45,00:02:47,00:03:18,00:03:19,00:03:20,00:03:22,00:03:23,00:05:17,00:05:18,00:05:22,00:05:24,00:05:27,00:06:55,00:07:04,00:07:11,00:07:28,00:08:13,1754.47,SouthEastEurope_TeleAtlasMNR_eur2021.12.000-22.192-0 DSEG_NOSPLIT,
2,Alle-Fehervari,Monday,6:00-7:00,false,ALL,392.1,3.2,00:01:35,00:01:19,14.83,8.62,26.48,0.4,1.23,00:00:52,00:00:53,00:00:53,00:00:55,00:00:56,00:00:56,00:00:56,00:00:57,00:00:57,00:01:19,00:01:22,00:01:22,00:01:24,00:01:34,00:01:36,00:01:59,00:02:44,00:02:44,00:04:51,1754.47,SouthEastEurope_TeleAtlasMNR_eur2021.12.000-22.192-0 DSEG_NOSPLIT,
2,Alle-Fehervari,Monday,7:00-8:00,false,ALL,1612.3,9.71,00:05:17,00:04:21,18.33,9.8,37.03,1.34,2.76,00:02:34,00:02:36,00:02:37,00:02:40,00:02:50,00:02:51,00:03:21,00:03:56,00:03:57,00:04:21,00:04:22,00:04:55,00:04:59,00:06:13,00:07:40,00:09:37,00:09:52,00:10:05,00:10:54,1754.47,SouthEastEurope_TeleAtlasMNR_eur2021.12.000-22.192-0 DSEG_NOSPLIT,
2,Alle-Fehervari,Monday,8:00-9:00,false,ALL,1612.3,13.69,00:04:10,00:03:15,23.25,11.63,49.48,1.06,2.35,00:01:55,00:01:56,00:01:57,00:02:04,00:02:23,00:02:24,00:02:31,00:02:37,00:02:38,00:03:15,00:03:18,00:03:46,00:03:51,00:04:17,00:06:40,00:07:31,00:08:19,00:08:31,00:09:16,1754.47,SouthEastEurope_TeleAtlasMNR_eur2021.12.000-22.192-0 DSEG_NOSPLIT,
2,Alle-Fehervari,Monday,9:00-10:00,false,ALL,1727.57,22.2,00:05:30,00:03:39,18.83,13.83,48.11,1.4,4.68,00:01:55,00:02:01,00:02:09,00:02:13,00:02:18,00:02:26,00:02:45,00:03:10,00:03:15,00:03:39,00:04:07,00:04:47,00:04:55,00:05:57,00:06:24,00:06:58,00:07:30,00:17:14,00:18:27,1754.47,SouthEastEurope_TeleAtlasMNR_eur2021.12.000-22.192-0 DSEG_NOSPLIT,
2,Alle-Fehervari,Monday,10:00-11:00,false,ALL,1754.47,33.89,00:05:21,00:04:32,19.68,12.29,39.97,1.36,3.09,00:02:11,00:02:25,00:02:38,00:02:47,00:03:03,00:03:28,00:03:38,00:03:47,00:03:50,00:04:32,00:04:40,00:05:20,00:05:34,00:06:32,00:07:21,00:07:52,00:08:34,00:10:06,00:12:12,1754.47,SouthEastEurope_TeleAtlasMNR_eur2021.12.000-22.192-0 DSEG_NOSPLIT,
2,Alle-Fehervari,Monday,11:00-12:00,false,ALL,1754.47,35.06,00:05:11,00:03:25,20.33,11.04,50.95,1.31,3.7,00:01:47,00:01:58,00:02:04,00:02:15,00:02:24,00:02:31,00:02:37,00:02:52,00:03:02,00:03:25,00:03:41,00:04:06,00:04:48,00:06:16,00:07:20,00:08:12,00:09:32,00:10:47,00:14:36,1754.47,SouthEastEurope_TeleAtlasMNR_eur2021.12.000-22.192-0 DSEG_NOSPLIT,
2,Alle-Fehervari,Monday,12:00-13:00,false,ALL,1754.47,40.06,00:04:56,00:03:31,21.37,13.5,49.8,1.25,3.77,00:01:48,00:02:02,00:02:07,00:02:30,00:02:35,00:02:58,00:03:02,00:03:14,00:03:21,00:03:31,00:03:38,00:03:50,00:04:10,00:04:34,00:05:31,00:06:40,00:07:48,00:08:58,00:14:51,1754.47,SouthEastEurope_TeleAtlasMNR_eur2021.12.000-22.192-0 DSEG_NOSPLIT,
2,Alle-Fehervari,Monday,13:00-14:00,false,ALL,1754.47,31.31,00:04:57,00:04:05,21.3,12.72,50.66,1.25,3.58,00:01:55,00:02:03,00:02:05,00:02:15,00:02:19,00:02:32,00:02:36,00:03:00,00:03:02,00:04:05,00:04:21,00:04:27,00:05:09,00:05:26,00:06:16,00:06:45,00:08:16,00:09:02,00:14:07,1754.47,SouthEastEurope_TeleAtlasMNR_eur2021.12.000-22.192-0 DSEG_NOSPLIT,
2,Alle-Fehervari,Monday,14:00-15:00,false,ALL,1754.47,38.74,00:04:21,00:02:51,24.2,14.18,52.7,1.1,3.14,00:01:49,00:01:55,00:02:00,00:02:06,00:02:08,00:02:19,00:02:25,00:02:34,00:02:40,00:02:51,00:03:43,00:03:54,00:04:09,00:04:35,00:05:24,00:06:15,00:07:25,00:09:25,00:12:22,1754.47,SouthEastEurope_TeleAtlasMNR_eur2021.12.000-22.192-0 DSEG_NOSPLIT,
2,Alle-Fehervari,Monday,15:00-16:00,false,ALL,1754.47,35.71,00:05:06,00:03:41,20.65,11.82,45.91,1.29,3.82,00:02:04,00:02:12,00:02:18,00:02:23,00:02:28,00:02:41,00:02:45,00:02:55,00:03:04,00:03:41,00:04:15,00:04:26,00:04:51,00:05:21,00:06:06,00:07:16,00:08:54,00:10:03,00:15:05,1754.47,SouthEastEurope_TeleAtlasMNR_eur2021.12.000-22.192-0 DSEG_NOSPLIT,
2,Alle-Fehervari,Monday,16:00-17:00,false,ALL,1754.47,37.91,00:05:39,00:04:13,18.61,11.85,44.96,1.43,4.56,00:02:02,00:02:15,00:02:20,00:02:29,00:02:40,00:02:49,00:03:05,00:03:27,00:03:41,00:04:13,00:04:22,00:04:45,00:05:22,00:05:49,00:06:58,00:07:57,00:08:53,00:10:50,00:17:58,1754.47,SouthEastEurope_TeleAtlasMNR_eur2021.12.000-22.192-0 DSEG_NOSPLIT,
2,Alle-Fehervari,Monday,17:00-18:00,false,ALL,1754.47,36.34,00:05:35,00:03:55,18.84,9.64,48.86,1.42,4.05,00:01:56,00:02:04,00:02:09,00:02:23,00:02:30,00:02:39,00:03:03,00:03:24,00:03:32,00:03:55,00:04:18,00:04:50,00:05:29,00:06:07,00:07:29,00:09:36,00:10:55,00:12:14,00:15:59,1754.47,SouthEastEurope_TeleAtlasMNR_eur2021.12.000-22.192-0 DSEG_NOSPLIT,
2,Alle-Fehervari,Monday,18:00-19:00,false,ALL,1727.57,29.14,00:05:07,00:03:29,20.27,12.99,47.31,1.3,4.55,00:01:51,00:02:06,00:02:11,00:02:16,00:02:20,00:02:35,00:02:42,00:02:59,00:03:17,00:03:29,00:03:50,00:04:04,00:04:37,00:04:50,00:05:42,00:06:23,00:07:59,00:09:33,00:17:56,1754.47,SouthEastEurope_TeleAtlasMNR_eur2021.12.000-22.192-0 DSEG_NOSPLIT,
2,Alle-Fehervari,Monday,19:00-20:00,false,ALL,1754.47,27.51,00:04:31,00:03:35,23.27,13.57,52.46,1.15,3.1,00:01:46,00:01:56,00:02:00,00:02:05,00:02:14,00:02:21,00:02:27,00:02:43,00:02:49,00:03:35,00:03:40,00:03:50,00:04:03,00:04:56,00:06:19,00:06:54,00:07:45,00:09:36,00:12:14,1754.47,SouthEastEurope_TeleAtlasMNR_eur2021.12.000-22.192-0 DSEG_NOSPLIT,
2,Alle-Fehervari,Monday,20:00-21:00,false,ALL,1754.47,24.89,00:04:13,00:03:12,24.99,14.31,51.97,1.07,2.85,00:01:52,00:01:59,00:02:02,00:02:11,00:02:16,00:02:24,00:02:31,00:02:38,00:02:41,00:03:12,00:03:27,00:03:34,00:04:12,00:04:39,00:05:20,00:05:57,00:07:21,00:08:29,00:11:13,1754.47,SouthEastEurope_TeleAtlasMNR_eur2021.12.000-22.192-0 DSEG_NOSPLIT,
2,Alle-Fehervari,Monday,21:00-22:00,false,ALL,1754.47,16.23,00:04:08,00:03:21,25.47,15.73,50.89,1.05,2.59,00:01:56,00:02:00,00:02:04,00:02:07,00:02:13,00:02:14,00:02:24,00:02:35,00:02:42,00:03:21,00:03:32,00:03:46,00:04:12,00:04:31,00:05:01,00:06:12,00:06:42,00:09:00,00:10:12,1754.47,SouthEastEurope_TeleAtlasMNR_eur2021.12.000-22.192-0 DSEG_NOSPLIT,
2,Alle-Fehervari,Monday,22:00-23:00,false,ALL,1612.3,11.49,00:03:50,00:03:04,25.24,16.26,52.06,0.97,2.52,00:01:39,00:01:41,00:01:52,00:01:54,00:02:00,00:02:14,00:02:17,00:02:29,00:02:55,00:03:04,00:03:10,00:03:28,00:03:45,00:03:55,00:04:36,00:05:11,00:05:57,00:09:12,00:09:55,1754.47,SouthEastEurope_TeleAtlasMNR_eur2021.12.000-22.192-0 DSEG_NOSPLIT,
2,Alle-Fehervari,Monday,23:00-24:00,false,ALL,1576.43,4.97,00:03:17,00:03:35,28.82,21.12,49.81,0.83,2.02,00:01:51,00:01:53,00:01:54,00:01:55,00:01:55,00:01:56,00:01:57,00:01:57,00:01:58,00:03:35,00:03:37,00:03:45,00:03:46,00:03:47,00:03:57,00:04:16,00:04:29,00:05:39,00:07:57,1754.47,SouthEastEurope_TeleAtlasMNR_eur2021.12.000-22.192-0 DSEG_NOSPLIT,
2,Alle-Fehervari,Tuesday,0:00-1:00,false,ALL,1585.4,4.2,00:03:27,00:03:48,27.52,21.21,36.42,1.0,1.56,00:02:35,00:02:37,00:02:37,00:02:37,00:02:38,00:02:38,00:02:39,00:02:39,00:02:42,00:03:48,00:03:49,00:03:51,00:03:53,00:04:00,00:04:08,00:04:09,00:04:29,00:04:29,00:05:23,1754.47,SouthEastEurope_TeleAtlasMNR_eur2021.12.000-22.192-0 DSEG_NOSPLIT,
2,Alle-Fehervari,Tuesday,1:00-2:00,false,ALL,1585.4,3.66,00:03:26,00:03:27,27.68,19.17,48.67,0.99,1.56,00:01:55,00:01:55,00:01:57,00:01:57,00:02:04,00:02:04,00:03:19,00:03:19,00:03:21,00:03:27,00:03:27,00:03:40,00:03:40,00:03:52,00:04:58,00:04:58,00:04:58,00:05:23,00:05:23,1754.47,SouthEastEurope_TeleAtlasMNR_eur2021.12.000-22.192-0 DSEG_NOSPLIT,
2,Alle-Fehervari,Tuesday,2:00-3:00,false,ALL,1727.57,2.34,00:03:27,00:03:30,30.02,26.05,33.28,1.0,1.15,00:03:07,00:03:07,00:03:07,00:03:07,00:03:13,00:03:13,00:03:13,00:03:13,00:03:13,00:03:30,00:03:30,00:03:30,00:03:30,00:03:30,00:03:59,00:03:59,00:03:59,00:03:59,00:03:59,1754.47,SouthEastEurope_TeleAtlasMNR_eur2021.12.000-22.192-0 DSEG_NOSPLIT,
2,Alle-Fehervari,Tuesday,3:00-4:00,false,ALL,1585.4,3.06,00:03:15,00:03:10,29.2,21.75,39.69,0.94,1.27,00:02:24,00:02:24,00:02:24,00:02:26,00:02:26,00:02:26,00:03:04,00:03:05,00:03:05,00:03:10,00:03:10,00:03:11,00:03:11,00:04:05,00:04:05,00:04:06,00:04:22,00:04:22,00:04:22,1754.47,SouthEastEurope_TeleAtlasMNR_eur2021.12.000-22.192-0 DSEG_NOSPLIT,
2,Alle-Fehervari,Tuesday,4:00-5:00,false,ALL,1727.57,3.86,00:03:51,00:03:47,26.9,23.85,36.84,1.11,2.38,00:02:46,00:02:49,00:02:49,00:02:50,00:02:50,00:02:51,00:02:59,00:03:00,00:03:00,00:03:47,00:03:47,00:03:50,00:03:51,00:03:58,00:03:58,00:04:20,00:04:21,00:08:12,00:08:13,1754.47,SouthEastEurope_TeleAtlasMNR_eur2021.12.000-22.192-0 DSEG_NOSPLIT,
2,Alle-Fehervari,Tuesday,5:00-6:00,false,ALL,1612.3,14.89,00:05:18,00:05:30,18.26,15.28,23.77,1.53,2.41,00:04:03,00:04:04,00:04:04,00:04:05,00:04:06,00:04:07,00:04:07,00:04:08,00:04:09,00:05:30,00:05:31,00:05:34,00:05:39,00:05:43,00:06:02,00:06:12,00:06:20,00:06:46,00:08:21,1754.47,SouthEastEurope_TeleAtlasMNR_eur2021.12.000-22.192-0 DSEG_NOSPLIT,
2,Alle-Fehervari,Tuesday,6:00-7:00,false,ALL,1754.47,35.77,00:05:02,00:03:52,20.88,11.98,46.17,1.46,3.83,00:02:04,00:02:11,00:02:17,00:02:23,00:02:30,00:02:34,00:02:54,00:02:59,00:03:27,00:03:52,00:03:56,00:04:36,00:04:59,00:06:13,00:07:04,00:07:49,00:08:47,00:09:32,00:13:14,1754.47,SouthEastEurope_TeleAtlasMNR_eur2021.12.000-22.192-0 DSEG_NOSPLIT,
2,Alle-Fehervari,Tuesday,7:00-8:00,false,ALL,1754.47,59.97,00:05:59,00:04:20,17.6,10.68,41.61,1.73,5.35,00:02:10,00:02:24,00:02:32,00:02:39,00:02:49,00:03:02,00:03:27,00:03:43,00:04:04,00:04:20,00:04:49,00:05:29,00:05:50,00:06:23,00:07:03,00:08:20,00:09:51,00:11:57,00:18:29,1754.47,SouthEastEurope_TeleAtlasMNR_eur2021.12.000-22.192-0 DSEG_NOSPLIT,
2,Alle-Fehervari,Tuesday,8:00-9:00,false,ALL,1754.47,72.26,00:06:02,00:05:05,17.46,11.4,37.53,1.74,3.64,00:02:31,00:02:42,00:02:48,00:02:57,00:03:05,00:03:36,00:03:51,00:04:02,00:04:24,00:05:05,00:05:28,00:05:53,00:06:31,00:06:59,00:07:54,00:08:27,00:09:14,00:10:39,00:12:35,1754.47,SouthEastEurope_TeleAtlasMNR_eur2021.12.000-22.192-0 DSEG_NOSPLIT,
2,Alle-Fehervari,Tuesday,9:00-10:00,false,ALL,1754.47,69.66,00:05:59,00:04:23,17.58,10.69,40.72,1.73,4.49,00:02:16,00:02:27,00:02:35,00:02:48,00:03:09,00:03:23,00:03:34,00:03:51,00:04:03,00:04:23,00:04:39,00:05:02,00:05:44,00:06:32,00:07:02,00:08:03,00:09:51,00:11:43,00:15:31,1754.47,SouthEastEurope_TeleAtlasMNR_eur2021.12.000-22.192-0 DSEG_NOSPLIT,
2,Alle-Fehervari,Tuesday,10:00-11:00,false,ALL,1754.47,69.4,00:06:14,00:03:58,16.89,10.64,42.28,1.8,4.03,00:02:07,00:02:16,00:02:29,00:02:40,00:02:47,00:02:54,00:03:04,00:03:15,00:03:35,00:03:58,00:04:14,00:04:43,00:05:11,00:06:13,00:07:30,00:09:00,00:09:54,00:12:06,00:13:57,1754.47,SouthEastEurope_TeleAtlasMNR_eur2021.12.000-22.192-0 DSEG_NOSPLIT,
2,Alle-Fehervari,Tuesday,11:00-12:00,false,ALL,1754.47,61.29,00:05:55,00:04:11,17.78,11.23,42.05,1.71,4.11,00:02:10,00:02:20,00:02:30,00:03:06,00:03:15,00:03:26,00:03:34,00:03:45,00:03:55,00:04:11,00:04:22,00:04:41,00:05:14,00:05:45,00:06:39,00:08:08,00:09:22,00:10:58,00:14:11,1754.47,SouthEastEurope_TeleAtlasMNR_eur2021.12.000-22.192-0 DSEG_NOSPLIT,
2,Alle-Fehervari,Tuesday,12:00-13:00,false,ALL,1754.47,59.57,00:06:14,00:04:43,16.87,10.31,38.12,1.81,5.04,00:02:13,00:02:34,00:02:46,00:03:10,00:03:25,00:03:33,00:03:48,00:04:03,00:04:16,00:04:43,00:04:59,00:05:17,00:05:58,00:06:44,00:07:40,00:08:40,00:10:13,00:12:31,00:17:25,1754.47,SouthEastEurope_TeleAtlasMNR_eur2021.12.000-22.192-0 DSEG_NOSPLIT,
2,Alle-Fehervari,Tuesday,13:00-14:00,false,ALL,1754.47,68.74,00:06:10,00:04:32,17.07,10.07,38.1,1.78,4.61,00:02:11,00:02:26,00:02:46,00:02:54,00:03:12,00:03:26,00:03:40,00:03:55,00:04:16,00:04:32,00:04:45,00:05:05,00:05:31,00:06:19,00:08:06,00:09:24,00:10:27,00:13:02,00:15:55,1754.47,SouthEastEurope_TeleAtlasMNR_eur2021.12.000-22.192-0 DSEG_NOSPLIT,
2,Alle-Fehervari,Tuesday,14:00-15:00,false,ALL,1754.47,75.23,00:05:34,00:04:05,18.9,10.52,41.79,1.61,4.0,00:02:08,00:02:21,00:02:31,00:02:42,00:02:58,00:03:08,00:03:18,00:03:32,00:03:50,00:04:05,00:04:18,00:04:40,00:05:08,00:06:05,00:07:23,00:08:29,00:10:00,00:11:36,00:13:49,1754.47,SouthEastEurope_TeleAtlasMNR_eur2021.12.000-22.192-0 DSEG_NOSPLIT,
2,Alle-Fehervari,Tuesday,15:00-16:00,false,ALL,1754.47,85.23,00:06:24,00:04:40,16.43,9.9,39.85,1.85,4.9,00:02:13,00:02:25,00:02:39,00:03:03,00:03:14,00:03:26,00:03:46,00:04:00,00:04:19,00:04:40,00:04:53,00:05:24,00:05:56,00:07:08,00:08:09,00:09:11,00:10:38,00:13:36,00:16:57,1754.47,SouthEastEurope_TeleAtlasMNR_eur2021.12.000-22.192-0 DSEG_NOSPLIT,
2,Alle-Fehervari,Tuesday,16:00-17:00,false,ALL,1754.47,76.26,00:07:07,00:05:17,14.8,9.11,38.29,2.06,5.29,00:02:18,00:02:32,00:02:45,00:03:08,00:03:27,00:03:43,00:04:07,00:04:25,00:04:48,00:05:17,00:05:41,00:06:20,00:06:49,00:08:00,00:08:56,00:09:55,00:11:33,00:14:11,00:18:18,1754.47,SouthEastEurope_TeleAtlasMNR_eur2021.12.000-22.192-0 DSEG_NOSPLIT,
2,Alle-Fehervari,Tuesday,17:00-18:00,false,ALL,1754.47,88.54,00:06:10,00:04:34,17.06,10.35,37.73,1.79,4.42,00:02:17,00:02:33,00:02:47,00:03:00,00:03:16,00:03:28,00:03:43,00:04:00,00:04:15,00:04:34,00:04:57,00:05:28,00:06:05,00:06:57,00:07:55,00:09:04,00:10:10,00:12:09,00:15:17,1754.47,SouthEastEurope_TeleAtlasMNR_eur2021.12.000-22.192-0 DSEG_NOSPLIT,
2,Alle-Fehervari,Tuesday,18:00-19:00,false,ALL,1754.47,71.34,00:05:47,00:04:24,18.19,10.84,43.5,1.67,4.06,00:02:07,00:02:17,00:02:25,00:02:35,00:02:58,00:03:08,00:03:24,00:03:38,00:03:49,00:04:24,00:04:38,00:05:08,00:05:45,00:06:14,00:07:02,00:08:43,00:09:43,00:11:48,00:14:02,1754.47,SouthEastEurope_TeleAtlasMNR_eur2021.12.000-22.192-0 DSEG_NOSPLIT,
2,Alle-Fehervari,Tuesday,19:00-20:00,false,ALL,1754.47,46.51,00:05:26,00:04:06,19.37,11.38,46.25,1.57,3.67,00:02:00,00:02:07,00:02:17,00:02:23,00:02:39,00:03:10,00:03:21,00:03:32,00:03:39,00:04:06,00:04:27,00:04:59,00:05:29,00:06:02,00:06:42,00:08:09,00:09:15,00:11:25,00:12:41,1754.47,SouthEastEurope_TeleAtlasMNR_eur2021.12.000-22.192-0 DSEG_NOSPLIT,
2,Alle-Fehervari,Tuesday,20:00-21:00,false,ALL,1754.47,32.23,00:05:08,00:04:28,20.54,13.78,42.67,1.48,3.18,00:02:03,00:02:11,00:02:28,00:02:42,00:03:02,00:03:16,00:03:53,00:04:02,00:04:14,00:04:28,00:04:37,00:04:51,00:05:02,00:05:36,00:06:01,00:06:35,00:07:38,00:09:01,00:11:00,1754.47,SouthEastEurope_TeleAtlasMNR_eur2021.12.000-22.192-0 DSEG_NOSPLIT,
2,Alle-Fehervari,Tuesday,21:00-22:00,false,ALL,1754.47,23.34,00:04:42,00:03:23,22.4,12.21,52.96,1.36,3.56,00:01:45,00:01:53,00:01:59,00:02:06,00:02:11,00:02:15,00:02:26,00:02:59,00:03:02,00:03:23,00:03:30,00:04:06,00:04:40,00:05:56,00:06:56,00:07:47,00:08:37,00:10:10,00:12:19,1754.47,SouthEastEurope_TeleAtlasMNR_eur2021.12.000-22.192-0 DSEG_NOSPLIT,
2,Alle-Fehervari,Tuesday,22:00-23:00,false,ALL,1727.57,20.29,00:04:40,00:03:54,22.18,13.82,50.91,1.35,3.36,00:01:53,00:01:58,00:02:02,00:02:34,00:02:36,00:02:41,00:03:03,00:03:32,00:03:36,00:03:54,00:03:57,00:04:09,00:04:24,00:04:42,00:05:19,00:06:13,00:07:30,00:09:43,00:11:37,1754.47,SouthEastEurope_TeleAtlasMNR_eur2021.12.000-22.192-0 DSEG_NOSPLIT,
2,Alle-Fehervari,Tuesday,23:00-24:00,false,ALL,1624.71,10.2,00:03:33,00:02:22,27.41,17.68,52.2,1.03,2.7,00:01:43,00:01:45,00:01:52,00:02:00,00:02:00,00:02:05,00:02:08,00:02:12,00:02:15,00:02:22,00:02:26,00:02:33,00:02:44,00:03:18,00:03:59,00:04:28,00:05:31,00:07:18,00:09:21,1754.47,SouthEastEurope_TeleAtlasMNR_eur2021.12.000-22.192-0 DSEG_NOSPLIT,
2,Alle-Fehervari,Wednesday,0:00-1:00,false,ALL,1585.4,5.83,00:03:18,00:03:07,28.77,18.57,44.23,1.0,1.78,00:02:07,00:02:09,00:02:09,00:02:10,00:02:32,00:02:32,00:02:34,00:02:36,00:02:37,00:03:07,00:03:10,00:03:12,00:03:16,00:03:38,00:04:14,00:04:46,00:05:07,00:05:10,00:05:52,1754.47,SouthEastEurope_TeleAtlasMNR_eur2021.12.000-22.192-0 DSEG_NOSPLIT,
2,Alle-Fehervari,Wednesday,1:00-2:00,false,ALL,1585.4,2.91,00:03:13,00:03:05,29.5,17.74,46.75,0.98,1.62,00:02:02,00:02:02,00:02:02,00:02:02,00:02:23,00:02:23,00:02:25,00:02:25,00:02:25,00:03:05,00:03:05,00:03:05,00:03:05,00:03:08,00:05:22,00:05:22,00:05:22,00:05:22,00:05:22,1754.47,SouthEastEurope_TeleAtlasMNR_eur2021.12.000-22.192-0 DSEG_NOSPLIT,
2,Alle-Fehervari,Wednesday,2:00-3:00,false,ALL,1585.4,2.69,00:03:26,00:03:52,27.71,21.76,35.09,1.04,1.32,00:02:43,00:02:43,00:02:43,00:02:44,00:02:44,00:02:44,00:02:44,00:02:44,00:02:44,00:03:52,00:03:52,00:03:52,00:03:52,00:04:11,00:04:11,00:04:11,00:04:22,00:04:22,00:04:22,1754.47,SouthEastEurope_TeleAtlasMNR_eur2021.12.000-22.192-0 DSEG_NOSPLIT,
2,Alle-Fehervari,Wednesday,3:00-4:00,false,ALL,1585.4,1.97,00:03:27,00:03:57,27.56,21.24,38.45,1.04,1.35,00:02:28,00:02:28,00:02:28,00:02:28,00:02:29,00:02:29,00:02:51,00:02:51,00:02:51,00:03:57,00:03:57,00:03:57,00:03:57,00:04:29,00:04:29,00:04:29,00:04:29,00:04:29,00:04:29,1754.47,SouthEastEurope_TeleAtlasMNR_eur2021.12.000-22.192-0 DSEG_NOSPLIT,
2,Alle-Fehervari,Wednesday,4:00-5:00,false,ALL,1585.4,4.31,00:03:14,00:03:34,29.4,22.01,40.32,0.98,1.58,00:02:20,00:02:22,00:02:22,00:02:22,00:02:23,00:02:23,00:02:28,00:02:29,00:02:29,00:03:34,00:03:35,00:03:35,00:03:36,00:03:49,00:03:52,00:03:53,00:04:19,00:04:19,00:05:13,1754.47,SouthEastEurope_TeleAtlasMNR_eur2021.12.000-22.192-0 DSEG_NOSPLIT,
2,Alle-Fehervari,Wednesday,5:00-6:00,false,ALL,1612.3,10.17,00:04:18,00:03:33,22.52,17.16,35.64,1.3,2.9,00:02:41,00:02:42,00:02:43,00:02:44,00:02:46,00:02:47,00:02:57,00:03:00,00:03:04,00:03:33,00:03:44,00:03:53,00:03:56,00:05:12,00:05:18,00:05:28,00:05:38,00:06:27,00:09:35,1754.47,SouthEastEurope_TeleAtlasMNR_eur2021.12.000-22.192-0 DSEG_NOSPLIT,
2,Alle-Fehervari,Wednesday,6:00-7:00,false,ALL,1727.57,30.83,00:05:32,00:05:05,18.75,10.79,45.25,1.67,3.97,00:02:06,00:02:11,00:02:17,00:02:22,00:02:23,00:02:35,00:02:39,00:02:58,00:03:45,00:05:05,00:05:18,00:05:57,00:06:18,00:07:02,00:07:38,00:08:17,00:09:36,00:11:23,00:13:07,1754.47,SouthEastEurope_TeleAtlasMNR_eur2021.12.000-22.192-0 DSEG_NOSPLIT,
2,Alle-Fehervari,Wednesday,7:00-8:00,false,ALL,1754.47,53.74,00:05:33,00:03:46,18.98,11.03,43.8,1.68,4.12,00:01:57,00:02:15,00:02:24,00:02:32,00:02:41,00:02:48,00:02:57,00:03:11,00:03:23,00:03:46,00:04:20,00:04:54,00:05:22,00:06:15,00:07:16,00:08:20,00:09:33,00:11:38,00:13:37,1754.47,SouthEastEurope_TeleAtlasMNR_eur2021.12.000-22.192-0 DSEG_NOSPLIT,
2,Alle-Fehervari,Wednesday,8:00-9:00,false,ALL,1754.47,63.11,00:06:18,00:05:41,16.73,10.06,42.93,1.9,4.8,00:02:11,00:02:19,00:02:27,00:02:38,00:03:00,00:03:10,00:03:23,00:03:41,00:03:50,00:05:41,00:05:51,00:06:33,00:06:58,00:07:29,00:08:20,00:09:19,00:10:28,00:13:05,00:15:51,1754.47,SouthEastEurope_TeleAtlasMNR_eur2021.12.000-22.192-0 DSEG_NOSPLIT,
2,Alle-Fehervari,Wednesday,9:00-10:00,false,ALL,1754.47,64.94,00:05:12,00:03:55,20.27,11.45,45.0,1.57,3.89,00:02:00,00:02:11,00:02:20,00:02:28,00:02:48,00:02:54,00:03:03,00:03:22,00:03:37,00:03:55,00:04:08,00:04:21,00:04:59,00:05:20,00:06:11,00:07:50,00:09:12,00:10:27,00:12:51,1754.47,SouthEastEurope_TeleAtlasMNR_eur2021.12.000-22.192-0 DSEG_NOSPLIT,
2,Alle-Fehervari,Wednesday,10:00-11:00,false,ALL,1754.47,69.49,00:05:56,00:03:55,17.75,10.6,43.09,1.79,4.77,00:02:06,00:02:14,00:02:27,00:02:34,00:02:43,00:02:52,00:03:05,00:03:18,00:03:28,00:03:55,00:04:12,00:04:31,00:05:11,00:06:09,00:07:01,00:08:17,00:09:56,00:11:48,00:15:47,1754.47,SouthEastEurope_TeleAtlasMNR_eur2021.12.000-22.192-0 DSEG_NOSPLIT,
2,Alle-Fehervari,Wednesday,11:00-12:00,false,ALL,1754.47,68.11,00:06:29,00:04:58,16.22,10.31,40.03,1.96,4.71,00:02:20,00:02:29,00:02:38,00:02:49,00:03:03,00:03:10,00:03:26,00:03:47,00:04:13,00:04:58,00:05:19,00:05:56,00:06:22,00:07:20,00:08:04,00:09:07,00:10:13,00:12:43,00:15:34,1754.47,SouthEastEurope_TeleAtlasMNR_eur2021.12.000-22.192-0 DSEG_NOSPLIT,
2,Alle-Fehervari,Wednesday,12:00-13:00,false,ALL,1754.47,72.54,00:06:08,00:04:08,17.17,10.5,39.03,1.85,5.13,00:02:14,00:02:24,00:02:42,00:02:50,00:03:04,00:03:13,00:03:22,00:03:33,00:03:54,00:04:08,00:04:20,00:04:43,00:05:09,00:05:48,00:07:04,00:08:35,00:10:02,00:12:54,00:16:58,1754.47,SouthEastEurope_TeleAtlasMNR_eur2021.12.000-22.192-0 DSEG_NOSPLIT,
2,Alle-Fehervari,Wednesday,13:00-14:00,false,ALL,1754.47,69.6,00:05:52,00:04:44,17.95,10.74,42.23,1.77,4.38,00:02:06,00:02:19,00:02:30,00:02:46,00:02:57,00:03:08,00:03:27,00:03:43,00:04:16,00:04:44,00:05:04,00:05:33,00:05:53,00:06:38,00:07:17,00:08:34,00:09:48,00:11:45,00:14:29,1754.47,SouthEastEurope_TeleAtlasMNR_eur2021.12.000-22.192-0 DSEG_NOSPLIT,
2,Alle-Fehervari,Wednesday,14:00-15:00,false,ALL,1754.47,79.37,00:05:48,00:04:10,18.17,10.91,41.55,1.75,4.55,00:02:09,00:02:20,00:02:32,00:02:56,00:03:08,00:03:19,00:03:28,00:03:41,00:03:50,00:04:10,00:04:21,00:04:40,00:05:05,00:05:51,00:07:15,00:08:24,00:09:39,00:12:19,00:15:04,1754.47,SouthEastEurope_TeleAtlasMNR_eur2021.12.000-22.192-0 DSEG_NOSPLIT,
2,Alle-Fehervari,Wednesday,15:00-16:00,false,ALL,1754.47,79.11,00:05:47,00:04:11,18.2,10.65,40.72,1.75,4.39,00:02:11,00:02:18,00:02:35,00:03:01,00:03:08,00:03:20,00:03:28,00:03:36,00:03:49,00:04:11,00:04:23,00:04:50,00:05:20,00:06:08,00:07:06,00:08:35,00:09:53,00:12:14,00:14:31,1754.47,SouthEastEurope_TeleAtlasMNR_eur2021.12.000-22.192-0 DSEG_NOSPLIT,
2,Alle-Fehervari,Wednesday,16:00-17:00,false,ALL,1754.47,80.97,00:06:38,00:04:32,15.86,9.22,39.46,2.01,4.93,00:02:14,00:02:30,00:02:40,00:02:50,00:02:59,00:03:14,00:03:29,00:03:44,00:04:02,00:04:32,00:04:59,00:05:31,00:06:19,00:07:11,00:08:43,00:09:42,00:11:25,00:13:31,00:16:17,1754.47,SouthEastEurope_TeleAtlasMNR_eur2021.12.000-22.192-0 DSEG_NOSPLIT,
2,Alle-Fehervari,Wednesday,17:00-18:00,false,ALL,1754.47,95.46,00:06:11,00:04:24,17.02,10.14,40.28,1.87,4.4,00:02:15,00:02:27,00:02:37,00:02:48,00:03:13,00:03:21,00:03:38,00:03:48,00:04:03,00:04:24,00:04:47,00:05:27,00:05:50,00:07:38,00:08:28,00:09:18,00:10:23,00:11:45,00:14:32,1754.47,SouthEastEurope_TeleAtlasMNR_eur2021.12.000-22.192-0 DSEG_NOSPLIT,
2,Alle-Fehervari,Wednesday,18:00-19:00,false,ALL,1754.47,82.43,00:05:50,00:04:16,18.03,10.35,43.31,1.77,4.64,00:02:07,00:02:16,00:02:26,00:02:35,00:02:46,00:02:53,00:03:13,00:03:25,00:03:48,00:04:16,00:04:34,00:04:51,00:05:39,00:06:39,00:07:28,00:09:05,00:10:10,00:13:00,00:15:21,1754.47,SouthEastEurope_TeleAtlasMNR_eur2021.12.000-22.192-0 DSEG_NOSPLIT,
2,Alle-Fehervari,Wednesday,19:00-20:00,false,ALL,1754.47,52.97,00:04:59,00:03:38,21.12,13.3,47.97,1.51,3.86,00:01:53,00:02:03,00:02:12,00:02:22,00:02:41,00:02:47,00:03:00,00:03:15,00:03:22,00:03:38,00:03:59,00:04:17,00:04:49,00:05:30,00:06:04,00:06:47,00:07:55,00:10:08,00:12:46,1754.47,SouthEastEurope_TeleAtlasMNR_eur2021.12.000-22.192-0 DSEG_NOSPLIT,
2,Alle-Fehervari,Wednesday,20:00-21:00,false,ALL,1754.47,35.29,00:05:12,00:03:33,20.25,11.31,50.84,1.57,5.15,00:01:51,00:01:58,00:02:04,00:02:13,00:02:18,00:02:35,00:02:50,00:03:00,00:03:06,00:03:33,00:04:00,00:04:23,00:04:44,00:05:12,00:05:59,00:06:57,00:09:18,00:11:10,00:17:02,1754.47,SouthEastEurope_TeleAtlasMNR_eur2021.12.000-22.192-0 DSEG_NOSPLIT,
2,Alle-Fehervari,Wednesday,21:00-22:00,false,ALL,1754.47,24.11,00:04:27,00:03:17,23.68,14.02,49.86,1.34,3.56,00:01:49,00:02:02,00:02:07,00:02:16,00:02:22,00:02:28,00:02:33,00:02:40,00:02:56,00:03:17,00:03:24,00:03:43,00:04:06,00:04:59,00:05:53,00:06:25,00:07:30,00:08:45,00:11:47,1754.47,SouthEastEurope_TeleAtlasMNR_eur2021.12.000-22.192-0 DSEG_NOSPLIT,
2,Alle-Fehervari,Wednesday,22:00-23:00,false,ALL,1624.71,17.43,00:04:28,00:03:36,21.83,12.68,48.98,1.35,3.36,00:01:41,00:01:55,00:01:59,00:02:09,00:02:11,00:02:18,00:02:30,00:02:35,00:02:55,00:03:36,00:03:41,00:04:11,00:04:16,00:05:04,00:05:40,00:06:15,00:07:41,00:09:15,00:11:07,1754.47,SouthEastEurope_TeleAtlasMNR_eur2021.12.000-22.192-0 DSEG_NOSPLIT,
2,Alle-Fehervari,Wednesday,23:00-24:00,false,ALL,1754.47,13.54,00:03:46,00:02:29,27.98,23.08,55.16,1.14,2.38,00:01:42,00:01:54,00:01:55,00:02:02,00:02:06,00:02:07,00:02:12,00:02:14,00:02:16,00:02:29,00:02:34,00:02:42,00:02:50,00:03:12,00:03:35,00:04:01,00:04:34,00:05:33,00:07:51,1754.47,SouthEastEurope_TeleAtlasMNR_eur2021.12.000-22.192-0 DSEG_NOSPLIT,
2,Alle-Fehervari,Thursday,0:00-1:00,false,ALL,1585.4,6.43,00:03:31,00:03:16,27.07,18.14,44.46,1.0,1.85,00:02:06,00:02:07,00:02:08,00:02:15,00:02:17,00:02:17,00:02:56,00:03:03,00:03:04,00:03:16,00:03:16,00:03:34,00:03:38,00:03:59,00:04:37,00:04:55,00:05:15,00:05:39,00:06:29,1754.47,SouthEastEurope_TeleAtlasMNR_eur2021.12.000-22.192-0 DSEG_NOSPLIT,
2,Alle-Fehervari,Thursday,1:00-2:00,false,ALL,1585.4,4.26,00:03:24,00:03:36,28.04,14.7,57.68,0.97,1.87,00:01:39,00:01:39,00:01:39,00:01:41,00:01:56,00:01:59,00:02:15,00:02:31,00:02:36,00:03:36,00:03:36,00:03:40,00:03:40,00:03:50,00:04:36,00:04:39,00:06:28,00:06:35,00:06:35,1754.47,SouthEastEurope_TeleAtlasMNR_eur2021.12.000-22.192-0 DSEG_NOSPLIT,
2,Alle-Fehervari,Thursday,2:00-3:00,false,ALL,1585.4,2.97,00:02:40,00:02:35,35.76,23.37,56.35,0.76,1.16,00:01:41,00:01:41,00:01:41,00:01:43,00:01:47,00:01:47,00:02:22,00:02:29,00:02:29,00:02:35,00:02:35,00:02:41,00:02:41,00:03:12,00:03:16,00:04:04,00:04:04,00:04:04,00:04:04,1754.47,SouthEastEurope_TeleAtlasMNR_eur2021.12.000-22.192-0 DSEG_NOSPLIT,
2,Alle-Fehervari,Thursday,3:00-4:00,false,ALL,1585.4,2.63,00:03:00,00:03:16,31.73,23.24,41.05,0.85,1.16,00:02:19,00:02:19,00:02:19,00:02:20,00:02:20,00:02:20,00:02:20,00:02:21,00:02:21,00:03:16,00:03:16,00:03:16,00:03:16,00:03:38,00:03:38,00:03:40,00:04:06,00:04:06,00:04:06,1754.47,SouthEastEurope_TeleAtlasMNR_eur2021.12.000-22.192-0 DSEG_NOSPLIT,
2,Alle-Fehervari,Thursday,4:00-5:00,false,ALL,1727.57,5.46,00:04:04,00:03:15,25.5,13.83,50.17,1.16,3.35,00:02:03,00:02:04,00:02:04,00:02:05,00:02:14,00:02:14,00:02:57,00:02:59,00:02:59,00:03:15,00:03:18,00:03:18,00:03:27,00:04:13,00:04:29,00:05:06,00:07:30,00:07:32,00:11:46,1754.47,SouthEastEurope_TeleAtlasMNR_eur2021.12.000-22.192-0 DSEG_NOSPLIT,
2,Alle-Fehervari,Thursday,5:00-6:00,false,ALL,1627.8,13.77,00:05:16,00:03:49,18.56,12.03,39.81,1.5,4.4,00:02:19,00:02:20,00:02:27,00:02:34,00:02:47,00:02:51,00:02:53,00:03:05,00:03:09,00:03:49,00:03:51,00:03:59,00:04:20,00:04:30,00:06:44,00:07:41,00:08:07,00:14:35,00:15:27,1754.47,SouthEastEurope_TeleAtlasMNR_eur2021.12.000-22.192-0 DSEG_NOSPLIT,
2,Alle-Fehervari,Thursday,6:00-7:00,false,ALL,1612.3,29.11,00:04:56,00:03:55,19.59,11.67,44.94,1.41,3.58,00:01:48,00:02:01,00:02:09,00:02:23,00:02:29,00:02:36,00:02:52,00:03:12,00:03:33,00:03:55,00:04:13,00:04:45,00:05:02,00:05:51,00:06:50,00:07:27,00:08:17,00:09:50,00:12:35,1754.47,SouthEastEurope_TeleAtlasMNR_eur2021.12.000-22.192-0 DSEG_NOSPLIT,
2,Alle-Fehervari,Thursday,7:00-8:00,false,ALL,1754.47,67.11,00:06:16,00:04:45,16.79,9.92,40.69,1.78,4.32,00:02:13,00:02:23,00:02:35,00:02:53,00:03:02,00:03:17,00:03:32,00:04:01,00:04:15,00:04:45,00:05:00,00:05:49,00:06:26,00:07:14,00:08:06,00:09:23,00:10:37,00:11:55,00:15:12,1754.47,SouthEastEurope_TeleAtlasMNR_eur2021.12.000-22.192-0 DSEG_NOSPLIT,
2,Alle-Fehervari,Thursday,8:00-9:00,false,ALL,1754.47,59.74,00:07:37,00:05:28,13.82,7.88,36.3,2.17,5.41,00:02:25,00:02:45,00:02:54,00:03:07,00:03:22,00:03:41,00:04:21,00:04:33,00:04:47,00:05:28,00:05:46,00:06:09,00:06:43,00:09:47,00:11:44,00:12:34,00:13:22,00:14:51,00:19:00,1754.47,SouthEastEurope_TeleAtlasMNR_eur2021.12.000-22.192-0 DSEG_NOSPLIT,
2,Alle-Fehervari,Thursday,9:00-10:00,false,ALL,1754.47,57.89,00:05:52,00:04:11,17.95,10.74,41.53,1.67,4.36,00:02:13,00:02:24,00:02:32,00:02:52,00:03:07,00:03:21,00:03:31,00:03:41,00:03:56,00:04:11,00:04:22,00:04:44,00:05:11,00:05:58,00:07:06,00:08:34,00:09:48,00:12:37,00:15:19,1754.47,SouthEastEurope_TeleAtlasMNR_eur2021.12.000-22.192-0 DSEG_NOSPLIT,
2,Alle-Fehervari,Thursday,10:00-11:00,false,ALL,1754.47,65.49,00:06:29,00:04:40,16.25,9.3,38.55,1.84,4.55,00:02:23,00:02:33,00:02:44,00:03:02,00:03:16,00:03:23,00:03:38,00:03:58,00:04:19,00:04:40,00:04:55,00:05:29,00:06:14,00:06:51,00:08:22,00:09:34,00:11:19,00:12:40,00:15:59,1754.47,SouthEastEurope_TeleAtlasMNR_eur2021.12.000-22.192-0 DSEG_NOSPLIT,
2,Alle-Fehervari,Thursday,11:00-12:00,false,ALL,1754.47,61.94,00:06:10,00:04:15,17.06,10.57,41.39,1.76,4.57,00:02:11,00:02:24,00:02:33,00:02:41,00:03:05,00:03:09,00:03:33,00:03:42,00:04:00,00:04:15,00:04:31,00:05:07,00:05:29,00:06:22,00:07:42,00:08:35,00:09:58,00:12:10,00:16:05,1754.47,SouthEastEurope_TeleAtlasMNR_eur2021.12.000-22.192-0 DSEG_NOSPLIT,
2,Alle-Fehervari,Thursday,12:00-13:00,false,ALL,1754.47,74.34,00:06:09,00:04:38,17.1,10.1,41.15,1.75,4.25,00:02:15,00:02:25,00:02:33,00:02:47,00:02:56,00:03:07,00:03:23,00:03:42,00:04:08,00:04:38,00:05:10,00:05:33,00:06:15,00:06:45,00:07:40,00:09:05,00:10:26,00:11:53,00:14:56,1754.47,SouthEastEurope_TeleAtlasMNR_eur2021.12.000-22.192-0 DSEG_NOSPLIT,
2,Alle-Fehervari,Thursday,13:00-14:00,false,ALL,1754.47,58.83,00:05:46,00:04:29,18.25,11.25,33.29,1.64,3.94,00:02:16,00:02:26,00:03:10,00:03:19,00:03:30,00:03:40,00:03:48,00:04:02,00:04:08,00:04:29,00:04:39,00:05:04,00:05:34,00:06:14,00:06:53,00:08:27,00:09:22,00:10:33,00:13:51,1754.47,SouthEastEurope_TeleAtlasMNR_eur2021.12.000-22.192-0 DSEG_NOSPLIT,
2,Alle-Fehervari,Thursday,14:00-15:00,false,ALL,1754.47,71.69,00:05:32,00:04:22,19.01,11.84,41.56,1.58,4.01,00:02:11,00:02:23,00:02:32,00:02:47,00:02:56,00:03:02,00:03:26,00:03:41,00:03:53,00:04:22,00:04:34,00:04:53,00:05:18,00:05:48,00:07:00,00:08:00,00:08:54,00:11:06,00:14:05,1754.47,SouthEastEurope_TeleAtlasMNR_eur2021.12.000-22.192-0 DSEG_NOSPLIT,
2,Alle-Fehervari,Thursday,15:00-16:00,false,ALL,1754.47,84.09,00:06:46,00:04:44,15.55,10.12,36.51,1.93,4.88,00:02:27,00:02:41,00:02:53,00:03:09,00:03:19,00:03:29,00:03:50,00:04:03,00:04:18,00:04:44,00:05:16,00:05:44,00:06:22,00:07:10,00:08:24,00:09:15,00:10:24,00:13:06,00:17:08,1754.47,SouthEastEurope_TeleAtlasMNR_eur2021.12.000-22.192-0 DSEG_NOSPLIT,
2,Alle-Fehervari,Thursday,16:00-17:00,false,ALL,1754.47,76.23,00:06:13,00:04:38,16.94,9.97,39.62,1.77,4.19,00:02:20,00:02:30,00:02:39,00:02:55,00:03:09,00:03:18,00:03:32,00:03:59,00:04:19,00:04:38,00:05:00,00:05:35,00:06:03,00:06:41,00:07:43,00:08:37,00:10:33,00:12:26,00:14:44,1754.47,SouthEastEurope_TeleAtlasMNR_eur2021.12.000-22.192-0 DSEG_NOSPLIT,
2,Alle-Fehervari,Thursday,17:00-18:00,false,ALL,1754.47,91.86,00:06:39,00:04:58,15.82,9.86,36.93,1.89,4.44,00:02:25,00:02:38,00:02:51,00:03:09,00:03:24,00:03:37,00:03:49,00:04:05,00:04:26,00:04:58,00:05:27,00:06:03,00:06:45,00:07:32,00:08:26,00:09:21,00:10:41,00:12:42,00:15:35,1754.47,SouthEastEurope_TeleAtlasMNR_eur2021.12.000-22.192-0 DSEG_NOSPLIT,
2,Alle-Fehervari,Thursday,18:00-19:00,false,ALL,1754.47,68.46,00:05:44,00:04:15,18.38,11.64,42.23,1.63,4.07,00:02:11,00:02:21,00:02:30,00:02:44,00:02:55,00:03:04,00:03:29,00:03:42,00:03:55,00:04:15,00:04:38,00:05:11,00:05:42,00:06:33,00:07:34,00:08:10,00:09:02,00:10:51,00:14:17,1754.47,SouthEastEurope_TeleAtlasMNR_eur2021.12.000-22.192-0 DSEG_NOSPLIT,
2,Alle-Fehervari,Thursday,19:00-20:00,false,ALL,1754.47,55.46,00:05:14,00:04:05,20.1,12.9,43.22,1.49,4.02,00:02:09,00:02:19,00:02:26,00:02:34,00:02:45,00:03:00,00:03:17,00:03:32,00:03:44,00:04:05,00:04:19,00:04:31,00:04:51,00:05:11,00:06:04,00:07:00,00:08:10,00:10:06,00:14:09,1754.47,SouthEastEurope_TeleAtlasMNR_eur2021.12.000-22.192-0 DSEG_NOSPLIT,
2,Alle-Fehervari,Thursday,20:00-21:00,false,ALL,1754.47,37.29,00:05:17,00:03:52,19.95,11.35,41.07,1.5,3.78,00:02:08,00:02:18,00:02:34,00:02:46,00:02:50,00:02:55,00:03:02,00:03:14,00:03:23,00:03:52,00:04:18,00:04:41,00:04:57,00:05:26,00:06:31,00:08:28,00:09:17,00:10:44,00:13:17,1754.47,SouthEastEurope_TeleAtlasMNR_eur2021.12.000-22.192-0 DSEG_NOSPLIT,
2,Alle-Fehervari,Thursday,21:00-22:00,false,ALL,1754.47,26.46,00:04:28,00:03:29,23.58,15.12,47.37,1.27,3.72,00:02:00,00:02:10,00:02:13,00:02:18,00:02:24,00:02:27,00:02:34,00:02:53,00:02:55,00:03:29,00:03:48,00:03:54,00:04:23,00:04:48,00:05:04,00:05:39,00:06:58,00:07:29,00:13:05,1754.47,SouthEastEurope_TeleAtlasMNR_eur2021.12.000-22.192-0 DSEG_NOSPLIT,
2,Alle-Fehervari,Thursday,22:00-23:00,false,ALL,1754.47,18.91,00:05:00,00:04:07,21.07,10.99,47.73,1.42,3.2,00:02:06,00:02:10,00:02:12,00:02:57,00:03:02,00:03:03,00:03:32,00:03:45,00:03:57,00:04:07,00:04:09,00:04:34,00:04:37,00:05:13,00:05:23,00:08:47,00:09:35,00:10:29,00:11:15,1754.47,SouthEastEurope_TeleAtlasMNR_eur2021.12.000-22.192-0 DSEG_NOSPLIT,
2,Alle-Fehervari,Thursday,23:00-24:00,false,ALL,1624.71,26.51,00:03:31,00:02:52,27.72,19.7,49.17,1.0,2.35,00:01:49,00:01:52,00:01:59,00:02:05,00:02:10,00:02:12,00:02:20,00:02:23,00:02:31,00:02:52,00:02:53,00:03:24,00:03:28,00:03:52,00:03:58,00:04:50,00:04:57,00:07:21,00:08:17,1754.47,SouthEastEurope_TeleAtlasMNR_eur2021.12.000-22.192-0 DSEG_NOSPLIT,
2,Alle-Fehervari,Friday,0:00-1:00,false,ALL,1754.47,13.26,00:02:57,00:02:27,35.59,24.96,57.1,1.0,2.04,00:01:42,00:01:46,00:01:51,00:01:55,00:02:02,00:02:03,00:02:05,00:02:11,00:02:16,00:02:27,00:02:32,00:02:42,00:03:07,00:03:16,00:03:57,00:04:02,00:04:13,00:05:27,00:06:02,1754.47,SouthEastEurope_TeleAtlasMNR_eur2021.12.000-22.192-0 DSEG_NOSPLIT,
2,Alle-Fehervari,Friday,1:00-2:00,false,ALL,1585.4,6.11,00:02:55,00:02:51,32.53,21.46,55.66,0.99,1.95,00:01:34,00:01:34,00:01:43,00:01:55,00:01:56,00:01:56,00:01:58,00:01:59,00:02:06,00:02:51,00:02:51,00:03:05,00:03:05,00:03:19,00:03:44,00:03:51,00:04:26,00:05:46,00:05:46,1754.47,SouthEastEurope_TeleAtlasMNR_eur2021.12.000-22.192-0 DSEG_NOSPLIT,
2,Alle-Fehervari,Friday,2:00-3:00,false,ALL,1585.4,1.74,00:03:13,00:03:46,29.65,25.2,35.97,1.08,1.28,00:02:39,00:02:39,00:02:39,00:02:39,00:02:39,00:02:39,00:02:39,00:02:39,00:02:39,00:03:46,00:03:46,00:03:46,00:03:46,00:03:47,00:03:47,00:03:47,00:03:47,00:03:47,00:03:47,1754.47,SouthEastEurope_TeleAtlasMNR_eur2021.12.000-22.192-0 DSEG_NOSPLIT,
2,Alle-Fehervari,Friday,3:00-4:00,false,ALL,1585.4,2.86,00:03:18,00:03:41,28.86,23.56,37.77,1.11,1.42,00:02:26,00:02:26,00:02:31,00:02:32,00:02:32,00:02:43,00:02:46,00:02:46,00:02:54,00:03:41,00:03:41,00:03:50,00:03:50,00:03:53,00:04:02,00:04:02,00:04:02,00:04:12,00:04:12,1754.47,SouthEastEurope_TeleAtlasMNR_eur2021.12.000-22.192-0 DSEG_NOSPLIT,
2,Alle-Fehervari,Friday,4:00-5:00,false,ALL,1585.4,3.6,00:04:14,00:03:51,22.51,13.14,40.48,1.43,2.52,00:02:20,00:02:20,00:02:21,00:02:25,00:02:39,00:02:39,00:03:21,00:03:24,00:03:25,00:03:51,00:03:51,00:04:02,00:04:03,00:05:16,00:05:42,00:06:29,00:07:14,00:07:28,00:07:28,1754.47,SouthEastEurope_TeleAtlasMNR_eur2021.12.000-22.192-0 DSEG_NOSPLIT,
2,Alle-Fehervari,Friday,5:00-6:00,false,ALL,1612.3,10.49,00:04:06,00:03:54,23.55,14.28,48.04,1.39,3.16,00:01:58,00:02:00,00:02:01,00:02:03,00:02:11,00:02:11,00:02:22,00:02:24,00:02:25,00:03:54,00:03:56,00:04:06,00:04:10,00:04:46,00:05:53,00:06:06,00:06:47,00:07:45,00:09:21,1754.47,SouthEastEurope_TeleAtlasMNR_eur2021.12.000-22.192-0 DSEG_NOSPLIT,
2,Alle-Fehervari,Friday,6:00-7:00,false,ALL,1754.47,27.83,00:04:36,00:03:40,22.86,14.48,45.31,1.56,3.91,00:01:59,00:02:09,00:02:19,00:02:24,00:02:28,00:02:33,00:02:43,00:03:27,00:03:31,00:03:40,00:03:53,00:04:05,00:04:36,00:04:51,00:05:51,00:06:26,00:07:16,00:09:13,00:11:33,1754.47,SouthEastEurope_TeleAtlasMNR_eur2021.12.000-22.192-0 DSEG_NOSPLIT,
2,Alle-Fehervari,Friday,7:00-8:00,false,ALL,1754.47,61.66,00:05:49,00:04:25,18.11,11.55,43.46,1.97,5.68,00:02:04,00:02:15,00:02:25,00:02:34,00:03:08,00:03:15,00:03:31,00:03:44,00:04:11,00:04:25,00:04:46,00:05:17,00:05:43,00:06:18,00:07:19,00:08:10,00:09:07,00:10:58,00:16:47,1754.47,SouthEastEurope_TeleAtlasMNR_eur2021.12.000-22.192-0 DSEG_NOSPLIT,
2,Alle-Fehervari,Friday,8:00-9:00,false,ALL,1754.47,68.17,00:06:09,00:04:35,17.13,10.76,41.72,2.08,4.89,00:02:05,00:02:14,00:02:31,00:03:02,00:03:09,00:03:21,00:03:42,00:04:02,00:04:10,00:04:35,00:04:50,00:05:43,00:05:59,00:06:34,00:07:38,00:08:40,00:09:47,00:11:25,00:14:27,1754.47,SouthEastEurope_TeleAtlasMNR_eur2021.12.000-22.192-0 DSEG_NOSPLIT,
2,Alle-Fehervari,Friday,9:00-10:00,false,ALL,1754.47,63.89,00:07:56,00:05:26,13.28,7.3,37.75,2.68,7.47,00:02:18,00:02:36,00:02:47,00:02:56,00:03:15,00:03:34,00:03:52,00:04:22,00:04:39,00:05:26,00:05:43,00:06:25,00:07:15,00:08:31,00:10:56,00:12:31,00:14:26,00:17:45,00:22:06,1754.47,SouthEastEurope_TeleAtlasMNR_eur2021.12.000-22.192-0 DSEG_NOSPLIT,
2,Alle-Fehervari,Friday,10:00-11:00,false,ALL,1754.47,67.71,00:06:37,00:05:01,15.93,9.14,41.94,2.23,6.37,00:02:07,00:02:18,00:02:31,00:02:49,00:02:58,00:03:29,00:03:40,00:04:01,00:04:23,00:05:01,00:05:24,00:05:56,00:06:26,00:07:11,00:08:31,00:09:58,00:11:31,00:14:05,00:18:50,1754.47,SouthEastEurope_TeleAtlasMNR_eur2021.12.000-22.192-0 DSEG_NOSPLIT,
2,Alle-Fehervari,Friday,11:00-12:00,false,ALL,1754.47,69.66,00:07:02,00:04:38,14.95,8.83,40.53,2.38,6.68,00:02:05,00:02:20,00:02:36,00:02:44,00:02:56,00:03:19,00:03:31,00:04:01,00:04:21,00:04:38,00:04:55,00:05:47,00:06:28,00:07:57,00:09:03,00:10:51,00:11:55,00:16:40,00:19:45,1754.47,SouthEastEurope_TeleAtlasMNR_eur2021.12.000-22.192-0 DSEG_NOSPLIT,
2,Alle-Fehervari,Friday,12:00-13:00,false,ALL,1754.47,74.43,00:07:53,00:05:43,13.35,7.26,42.03,2.67,7.96,00:02:06,00:02:19,00:02:30,00:03:02,00:03:22,00:03:33,00:03:47,00:04:13,00:04:30,00:05:43,00:06:02,00:06:27,00:06:55,00:07:38,00:11:26,00:12:37,00:14:30,00:17:46,00:23:33,1754.47,SouthEastEurope_TeleAtlasMNR_eur2021.12.000-22.192-0 DSEG_NOSPLIT,
2,Alle-Fehervari,Friday,13:00-14:00,false,ALL,1754.47,82.63,00:08:14,00:05:09,12.79,6.78,35.16,2.78,7.63,00:02:23,00:02:45,00:03:00,00:03:16,00:03:25,00:03:41,00:04:03,00:04:25,00:04:42,00:05:09,00:05:46,00:06:34,00:07:12,00:09:01,00:10:53,00:13:04,00:15:32,00:18:38,00:22:33,1754.47,SouthEastEurope_TeleAtlasMNR_eur2021.12.000-22.192-0 DSEG_NOSPLIT,
2,Alle-Fehervari,Friday,14:00-15:00,false,ALL,1754.47,85.86,00:07:48,00:05:08,13.51,6.74,36.8,2.64,7.65,00:02:17,00:02:41,00:02:52,00:03:01,00:03:20,00:03:35,00:03:44,00:03:59,00:04:23,00:05:08,00:05:38,00:06:24,00:07:16,00:08:28,00:10:12,00:12:45,00:15:37,00:17:44,00:22:37,1754.47,SouthEastEurope_TeleAtlasMNR_eur2021.12.000-22.192-0 DSEG_NOSPLIT,
2,Alle-Fehervari,Friday,15:00-16:00,false,ALL,1754.47,91.51,00:07:17,00:05:13,14.44,8.36,33.76,2.46,6.42,00:02:17,00:02:54,00:03:07,00:03:20,00:03:34,00:03:44,00:04:01,00:04:19,00:04:50,00:05:13,00:05:46,00:06:18,00:06:54,00:07:38,00:08:51,00:10:53,00:12:35,00:15:42,00:19:00,1754.47,SouthEastEurope_TeleAtlasMNR_eur2021.12.000-22.192-0 DSEG_NOSPLIT,
2,Alle-Fehervari,Friday,16:00-17:00,false,ALL,1754.47,90.49,00:08:15,00:05:32,12.75,7.18,35.23,2.79,7.87,00:02:17,00:02:37,00:02:59,00:03:18,00:03:41,00:04:01,00:04:17,00:04:34,00:04:55,00:05:32,00:06:00,00:06:51,00:07:30,00:08:41,00:09:53,00:11:43,00:14:39,00:18:03,00:23:17,1754.47,SouthEastEurope_TeleAtlasMNR_eur2021.12.000-22.192-0 DSEG_NOSPLIT,
2,Alle-Fehervari,Friday,17:00-18:00,false,ALL,1754.47,76.49,00:06:59,00:04:26,15.06,9.03,38.4,2.36,7.15,00:02:18,00:02:30,00:02:44,00:03:03,00:03:17,00:03:29,00:03:40,00:03:51,00:04:06,00:04:26,00:04:55,00:05:34,00:06:03,00:07:09,00:08:33,00:09:48,00:11:40,00:16:19,00:21:08,1754.47,SouthEastEurope_TeleAtlasMNR_eur2021.12.000-22.192-0 DSEG_NOSPLIT,
2,Alle-Fehervari,Friday,18:00-19:00,false,ALL,1754.47,60.8,00:05:56,00:04:43,17.75,10.58,37.67,2.0,4.88,00:02:09,00:02:23,00:02:48,00:03:01,00:03:09,00:03:19,00:03:40,00:03:52,00:04:11,00:04:43,00:05:05,00:05:28,00:05:55,00:06:37,00:07:34,00:08:22,00:09:57,00:11:28,00:14:27,1754.47,SouthEastEurope_TeleAtlasMNR_eur2021.12.000-22.192-0 DSEG_NOSPLIT,
2,Alle-Fehervari,Friday,19:00-20:00,false,ALL,1754.47,49.63,00:05:40,00:04:31,18.58,11.72,43.91,1.92,4.98,00:02:04,00:02:13,00:02:24,00:02:30,00:02:38,00:02:44,00:02:59,00:03:31,00:03:55,00:04:31,00:04:53,00:05:14,00:05:32,00:06:25,00:07:02,00:07:59,00:08:59,00:11:31,00:14:44,1754.47,SouthEastEurope_TeleAtlasMNR_eur2021.12.000-22.192-0 DSEG_NOSPLIT,
2,Alle-Fehervari,Friday,20:00-21:00,false,ALL,1754.47,41.03,00:05:14,00:03:55,20.09,12.25,41.67,1.77,4.46,00:02:10,00:02:21,00:02:32,00:02:53,00:03:08,00:03:20,00:03:25,00:03:33,00:03:41,00:03:55,00:04:13,00:04:31,00:04:55,00:05:24,00:06:50,00:07:40,00:08:36,00:10:38,00:13:12,1754.47,SouthEastEurope_TeleAtlasMNR_eur2021.12.000-22.192-0 DSEG_NOSPLIT,
2,Alle-Fehervari,Friday,21:00-22:00,false,ALL,1754.47,25.49,00:05:01,00:03:53,20.98,12.5,46.05,1.7,4.39,00:02:02,00:02:12,00:02:17,00:02:33,00:02:41,00:02:56,00:03:02,00:03:20,00:03:24,00:03:53,00:04:06,00:04:25,00:04:45,00:05:32,00:06:21,00:07:27,00:08:25,00:10:12,00:13:00,1754.47,SouthEastEurope_TeleAtlasMNR_eur2021.12.000-22.192-0 DSEG_NOSPLIT,
2,Alle-Fehervari,Friday,22:00-23:00,false,ALL,1754.47,22.31,00:04:05,00:02:56,25.83,14.4,50.63,1.38,3.56,00:01:51,00:02:01,00:02:05,00:02:12,00:02:18,00:02:22,00:02:29,00:02:34,00:02:40,00:02:56,00:03:01,00:03:26,00:03:32,00:03:59,00:04:41,00:05:40,00:07:19,00:08:21,00:10:32,1754.47,SouthEastEurope_TeleAtlasMNR_eur2021.12.000-22.192-0 DSEG_NOSPLIT,
2,Alle-Fehervari,Friday,23:00-24:00,false,ALL,1612.3,15.09,00:03:15,00:02:33,29.75,18.44,56.39,1.1,2.99,00:01:32,00:01:38,00:01:43,00:01:48,00:01:53,00:01:56,00:02:01,00:02:22,00:02:25,00:02:33,00:02:37,00:02:42,00:03:04,00:03:17,00:03:49,00:04:12,00:05:15,00:06:24,00:08:50,1754.47,SouthEastEurope_TeleAtlasMNR_eur2021.12.000-22.192-0 DSEG_NOSPLIT,
